HP,5,1,8,9,3,6,7,4,2,0,5,1,8,9,3,6,7,4,2,0,1,8,9,3,6,7,4,2,5,1,8,9,3,6,7,4,2,0,5,1,8,9,3,6,7,4,2,0
seed,51,50,45,44,49,43,42,47,48,46,42,45,44,50,49,48,51,47,43,46,51,42,45,46,47,49,48,50,46,50,51,47,48,44,49,42,45,43,43,46,50,48,42,45,51,49,44,47
hparams_search,std_runs_slurm.yaml,std_runs_slurm.yaml,std_runs_slurm.yaml,std_runs_slurm.yaml,std_runs_slurm.yaml,std_runs_slurm.yaml,std_runs_slurm.yaml,std_runs_slurm.yaml,std_runs_slurm.yaml,std_runs_slurm.yaml,std_runs_slurm.yaml,std_runs_slurm.yaml,std_runs_slurm.yaml,std_runs_slurm.yaml,std_runs_slurm.yaml,std_runs_slurm.yaml,std_runs_slurm.yaml,std_runs_slurm.yaml,std_runs_slurm.yaml,std_runs_slurm.yaml,std_runs_slurm.yaml,std_runs_slurm.yaml,std_runs_slurm.yaml,std_runs_slurm.yaml,std_runs_slurm.yaml,std_runs_slurm.yaml,std_runs_slurm.yaml,std_runs_slurm.yaml,std_runs_slurm.yaml,std_runs_slurm.yaml,std_runs_slurm.yaml,std_runs_slurm.yaml,std_runs_slurm.yaml,std_runs_slurm.yaml,std_runs_slurm.yaml,std_runs_slurm.yaml,std_runs_slurm.yaml,std_runs_slurm.yaml,std_runs_slurm.yaml,std_runs_slurm.yaml,std_runs_slurm.yaml,std_runs_slurm.yaml,std_runs_slurm.yaml,std_runs_slurm.yaml,std_runs_slurm.yaml,std_runs_slurm.yaml,std_runs_slurm.yaml,std_runs_slurm.yaml
model.optimizer_lr,0.001,0.001,0.001,0.001,0.001,0.001,0.001,0.001,0.001,0.001,0.001,0.001,0.001,0.001,0.001,0.001,0.001,0.001,0.001,0.001,0.001,0.001,0.001,0.001,0.001,0.001,0.001,0.001,0.0001,0.0001,0.0001,0.0001,0.0001,0.0001,0.0001,0.0001,0.0001,0.0001,0.001,0.001,0.001,0.001,0.001,0.001,0.001,0.001,0.001,0.001
data.batch_size,16,16,16,16,16,16,16,16,16,16,64,64,64,64,64,64,64,64,64,64,16,16,16,16,16,16,16,16,64,64,64,64,64,64,64,64,64,64,64,64,64,64,64,64,64,64,64,64
model.weight_decay,0.01,0.01,0.01,0.01,0.01,0.01,0.01,0.01,0.01,0.01,0,0,0,0,0,0,0,0,0,0,0.01,0.01,0.01,0.01,0.01,0.01,0.01,0.01,0,0,0,0,0,0,0,0,0,0,0.01,0.01,0.01,0.01,0.01,0.01,0.01,0.01,0.01,0.01
model.model_type,convM,convM,convM,convM,convM,convM,convM,convM,convM,convM,transformer,transformer,transformer,transformer,transformer,transformer,transformer,transformer,transformer,transformer,bidirectional,bidirectional,bidirectional,bidirectional,bidirectional,bidirectional,bidirectional,bidirectional,mlp,mlp,mlp,mlp,mlp,mlp,mlp,mlp,mlp,mlp,unidirectional,unidirectional,unidirectional,unidirectional,unidirectional,unidirectional,unidirectional,unidirectional,unidirectional,unidirectional
model.corr_regularization,True,True,True,True,True,True,True,True,True,True,False,False,False,False,False,False,False,False,False,False,False,False,False,False,False,False,False,False,True,True,True,True,True,True,True,True,True,True,False,False,False,False,False,False,False,False,False,False
corr_input,True,True,True,True,True,True,True,True,True,True,True,True,True,True,True,True,True,True,True,True,True,True,True,True,True,True,True,True,True,True,True,True,True,True,True,True,True,True,True,True,True,True,True,True,True,True,True,True
regression_head,False,False,False,False,False,False,False,False,False,False,False,False,False,False,False,False,False,False,False,False,False,False,False,False,False,False,False,False,False,False,False,False,False,False,False,False,False,False,False,False,False,False,False,False,False,False,False,False
data.ds_name,joint,joint,joint,joint,joint,joint,joint,joint,joint,joint,joint,joint,joint,joint,joint,joint,joint,joint,joint,joint,joint,joint,joint,joint,joint,joint,joint,joint,joint,joint,joint,joint,joint,joint,joint,joint,joint,joint,joint,joint,joint,joint,joint,joint,joint,joint,joint,joint
max_lags,3,3,3,3,3,3,3,3,3,3,3,3,3,3,3,3,3,3,3,3,3,3,3,3,3,3,3,3,3,3,3,3,3,3,3,3,3,3,3,3,3,3,3,3,3,3,3,3
n_vars,5,5,5,5,5,5,5,5,5,5,5,5,5,5,5,5,5,5,5,5,5,5,5,5,5,5,5,5,5,5,5,5,5,5,5,5,5,5,5,5,5,5,5,5,5,5,5,5
model,big.yaml,big.yaml,big.yaml,big.yaml,big.yaml,big.yaml,big.yaml,big.yaml,big.yaml,big.yaml,big.yaml,big.yaml,big.yaml,big.yaml,big.yaml,big.yaml,big.yaml,big.yaml,big.yaml,big.yaml,big.yaml,big.yaml,big.yaml,big.yaml,big.yaml,big.yaml,big.yaml,big.yaml,big.yaml,big.yaml,big.yaml,big.yaml,big.yaml,big.yaml,big.yaml,big.yaml,big.yaml,big.yaml,big.yaml,big.yaml,big.yaml,big.yaml,big.yaml,big.yaml,big.yaml,big.yaml,big.yaml,big.yaml
Test1_Auroc,0.86652195,0.86886346,0.8658922,0.8666395,0.8646541,0.871109,0.8669945,0.86682767,0.86725736,0.8665107,0.9687551,0.9686724,0.9686704,0.971022,0.96937263,0.9709126,0.9708797,0.9693388,0.9696752,0.97039443,0.9674282,0.9662196,0.96749467,0.9664281,0.9671261,0.96785104,0.87253845,0.9424949,0.73489964,0.7740024,0.7318721,0.731434,0.7309019,0.7326282,0.78840387,0.791368,0.7749662,0.72889155,0.9692545,0.92714685,0.96973234,0.9688442,0.9475102,0.92749935,0.96479017,0.85117567,0.9681644,0.96910816
Test1_MSE,0.037003264,0.036817644,0.037128497,0.037354026,0.037575394,0.03637622,0.037006054,0.03703222,0.03724269,0.037174337,0.013003131,0.012757123,0.0134091545,0.012118887,0.012579613,0.012122522,0.012072031,0.012785401,0.012527645,0.012455902,0.013853553,0.013968088,0.013891273,0.0146261975,0.014313712,0.013725153,0.03752079,0.026675731,0.05325179,0.05034569,0.053289063,0.05324576,0.05325486,0.05327317,0.046659466,0.046149682,0.049669098,0.053283393,0.014014702,0.029161394,0.013177577,0.014150125,0.023588179,0.029060265,0.01590083,0.046880767,0.013991433,0.013884764
Test2_AUROC,0.88596857,0.8856162,0.8864455,0.88508487,0.88265574,0.89227587,0.8846557,0.8856305,0.88372976,0.886062,0.9763287,0.97627,0.9767183,0.97848606,0.97705966,0.9782511,0.9782234,0.9770795,0.9774274,0.97754765,0.9764471,0.9759147,0.9768213,0.97654,0.9765672,0.97649235,0.8865398,0.9545157,0.7431005,0.785336,0.738669,0.7385488,0.73839307,0.74166757,0.79713726,0.7982332,0.78905654,0.7380269,0.9779956,0.9386418,0.9781359,0.9781304,0.9575476,0.9391458,0.9744092,0.8937914,0.9779578,0.9784013
Test2_MSE,0.032778185,0.033086043,0.033043977,0.033376362,0.033614174,0.03218321,0.032980766,0.033083063,0.033492442,0.033007223,0.010027388,0.009959886,0.010052897,0.009607594,0.009785328,0.009603111,0.009611764,0.00998993,0.009812679,0.00980527,0.009951667,0.0100724045,0.009887432,0.0102440575,0.010088814,0.009861699,0.03471258,0.021756735,0.05196318,0.04765713,0.052000478,0.0519707,0.051933724,0.051916823,0.04356983,0.043174013,0.046444025,0.052025195,0.00999006,0.025794648,0.009636639,0.009669621,0.020117508,0.025668558,0.012211374,0.038443264,0.009867817,0.009707785
