HP,78,68,5,66,12,64,83,58,23,107,113,40,50,42,45,48,51,53,62,70,32,13,8,18,96,19,29,10,88,30,61,47,80,38,14,9,111,59,103,69,99,98,75,31,118,86,77,65,119,3,49,25,6,117,16,82,34,7,4,24,73,46,109,105,15,11,74,72,110,52,35,85,2,91,116,94,55,41,84,0,20,71,92,56,57,60,36,76,37,90,100,102,63,104
model.optimizer_lr,0.001,0.0001,0.0001,0.0001,0.0001,0.001,0.001,0.0001,0.001,0.0001,0.0001,0.001,0.001,0.001,0.0001,0.0001,0.0001,0.0001,0.001,0.0001,0.001,0.0001,0.001,0.001,0.001,0.0001,0.0001,0.001,0.001,0.0001,0.001,0.0001,0.001,0.0001,0.0001,0.0001,0.001,0.001,0.001,0.0001,0.001,0.001,0.001,0.0001,0.001,0.0001,0.001,0.0001,0.0001,0.001,0.0001,0.0001,0.001,0.001,0.0001,0.001,0.001,0.0001,0.0001,0.0001,0.0001,0.001,0.001,0.001,0.0001,0.0001,0.001,0.001,0.001,0.0001,0.0001,0.0001,0.0001,0.0001,0.001,0.0001,0.0001,0.0001,0.001,0.0001,0.0001,0.001,0.001,0.0001,0.001,0.001,0.0001,0.001,0.0001,0.0001,0.001,0.001,0.001,0.001
data.batch_size,16,16,16,16,256,64,16,16,64,256,256,256,16,256,64,64,16,16,16,256,64,64,64,256,16,16,256,16,64,64,256,64,256,64,256,16,64,256,256,64,256,64,64,256,16,256,64,16,64,64,256,256,64,256,64,64,256,256,16,256,64,64,16,16,16,256,16,64,256,256,16,16,256,16,64,64,64,64,256,64,64,16,16,64,256,64,256,256,16,16,16,16,16,256
model.weight_decay,0.01,0,0,0.01,0.01,0.01,0.01,0,0.01,0.01,0,0.01,0,0.01,0,0,0.01,0,0,0,0,0.01,0,0,0,0.01,0,0,0.01,0,0,0.01,0,0.01,0,0.01,0.01,0,0.01,0.01,0,0,0.01,0.01,0,0,0,0,0.01,0.01,0,0.01,0,0,0.01,0,0.01,0.01,0.01,0,0.01,0.01,0.01,0.01,0.01,0.01,0.01,0,0.01,0.01,0.01,0,0,0,0.01,0,0,0.01,0.01,0,0,0.01,0,0,0.01,0,0.01,0,0.01,0,0,0.01,0.01,0
model.model_type,transformer,unidirectional,transformer,unidirectional,bidirectional,convM,convM,convM,bidirectional,convM,transformer,convM,convM,transformer,convM,unidirectional,unidirectional,unidirectional,unidirectional,unidirectional,unidirectional,unidirectional,bidirectional,transformer,transformer,transformer,unidirectional,transformer,bidirectional,convM,unidirectional,convM,convM,transformer,convM,bidirectional,transformer,convM,unidirectional,bidirectional,bidirectional,unidirectional,unidirectional,bidirectional,convM,bidirectional,bidirectional,transformer,transformer,transformer,convM,unidirectional,transformer,unidirectional,bidirectional,transformer,unidirectional,transformer,transformer,bidirectional,unidirectional,convM,bidirectional,unidirectional,bidirectional,transformer,transformer,convM,bidirectional,unidirectional,convM,bidirectional,transformer,bidirectional,unidirectional,bidirectional,bidirectional,convM,convM,transformer,transformer,unidirectional,bidirectional,unidirectional,bidirectional,convM,convM,transformer,convM,convM,bidirectional,convM,bidirectional,bidirectional
model.corr_regularization,False,False,True,True,False,True,False,False,False,True,False,False,True,False,False,False,False,True,True,False,False,True,True,True,True,False,True,False,True,True,True,False,False,False,True,False,False,True,True,True,True,True,False,True,False,True,False,False,True,True,False,True,False,False,False,True,False,False,True,False,False,False,True,False,True,True,True,True,False,False,False,True,True,False,True,False,True,True,True,True,False,True,True,True,True,False,False,False,True,True,False,True,False,False
corr_input,True,True,True,True,True,True,True,True,True,True,True,True,True,True,True,True,True,True,True,True,True,True,True,True,True,True,True,True,True,True,True,True,True,True,True,True,True,True,True,True,True,True,True,True,True,True,True,True,True,True,True,True,True,True,True,True,True,True,True,True,True,True,True,True,True,True,True,True,True,True,True,True,True,True,True,True,True,True,True,True,True,True,True,True,True,True,True,True,True,True,True,True,True,True
regression_head,False,False,False,False,False,False,False,False,False,False,False,False,False,False,False,False,False,False,False,False,False,False,False,False,False,False,False,False,False,False,False,False,False,False,False,False,False,False,False,False,False,False,False,False,False,False,False,False,False,False,False,False,False,False,False,False,False,False,False,False,False,False,False,False,False,False,False,False,False,False,False,False,False,False,False,False,False,False,False,False,False,False,False,False,False,False,False,False,False,False,False,False,False,False
hparams_search,slurm_exp2.yaml,slurm_exp2.yaml,slurm_exp2.yaml,slurm_exp2.yaml,slurm_exp2.yaml,slurm_exp2.yaml,slurm_exp2.yaml,slurm_exp2.yaml,slurm_exp2.yaml,slurm_exp2.yaml,slurm_exp2.yaml,slurm_exp2.yaml,slurm_exp2.yaml,slurm_exp2.yaml,slurm_exp2.yaml,slurm_exp2.yaml,slurm_exp2.yaml,slurm_exp2.yaml,slurm_exp2.yaml,slurm_exp2.yaml,slurm_exp2.yaml,slurm_exp2.yaml,slurm_exp2.yaml,slurm_exp2.yaml,slurm_exp2.yaml,slurm_exp2.yaml,slurm_exp2.yaml,slurm_exp2.yaml,slurm_exp2.yaml,slurm_exp2.yaml,slurm_exp2.yaml,slurm_exp2.yaml,slurm_exp2.yaml,slurm_exp2.yaml,slurm_exp2.yaml,slurm_exp2.yaml,slurm_exp2.yaml,slurm_exp2.yaml,slurm_exp2.yaml,slurm_exp2.yaml,slurm_exp2.yaml,slurm_exp2.yaml,slurm_exp2.yaml,slurm_exp2.yaml,slurm_exp2.yaml,slurm_exp2.yaml,slurm_exp2.yaml,slurm_exp2.yaml,slurm_exp2.yaml,slurm_exp2.yaml,slurm_exp2.yaml,slurm_exp2.yaml,slurm_exp2.yaml,slurm_exp2.yaml,slurm_exp2.yaml,slurm_exp2.yaml,slurm_exp2.yaml,slurm_exp2.yaml,slurm_exp2.yaml,slurm_exp2.yaml,slurm_exp2.yaml,slurm_exp2.yaml,slurm_exp2.yaml,slurm_exp2.yaml,slurm_exp2.yaml,slurm_exp2.yaml,slurm_exp2.yaml,slurm_exp2.yaml,slurm_exp2.yaml,slurm_exp2.yaml,slurm_exp2.yaml,slurm_exp2.yaml,slurm_exp2.yaml,slurm_exp2.yaml,slurm_exp2.yaml,slurm_exp2.yaml,slurm_exp2.yaml,slurm_exp2.yaml,slurm_exp2.yaml,slurm_exp2.yaml,slurm_exp2.yaml,slurm_exp2.yaml,slurm_exp2.yaml,slurm_exp2.yaml,slurm_exp2.yaml,slurm_exp2.yaml,slurm_exp2.yaml,slurm_exp2.yaml,slurm_exp2.yaml,slurm_exp2.yaml,slurm_exp2.yaml,slurm_exp2.yaml,slurm_exp2.yaml,slurm_exp2.yaml
data.ds_name,joint,joint,joint,joint,joint,joint,joint,joint,joint,joint,joint,joint,joint,joint,joint,joint,joint,joint,joint,joint,joint,joint,joint,joint,joint,joint,joint,joint,joint,joint,joint,joint,joint,joint,joint,joint,joint,joint,joint,joint,joint,joint,joint,joint,joint,joint,joint,joint,joint,joint,joint,joint,joint,joint,joint,joint,joint,joint,joint,joint,joint,joint,joint,joint,joint,joint,joint,joint,joint,joint,joint,joint,joint,joint,joint,joint,joint,joint,joint,joint,joint,joint,joint,joint,joint,joint,joint,joint,joint,joint,joint,joint,joint,joint
max_lags,3,3,3,3,3,3,3,3,3,3,3,3,3,3,3,3,3,3,3,3,3,3,3,3,3,3,3,3,3,3,3,3,3,3,3,3,3,3,3,3,3,3,3,3,3,3,3,3,3,3,3,3,3,3,3,3,3,3,3,3,3,3,3,3,3,3,3,3,3,3,3,3,3,3,3,3,3,3,3,3,3,3,3,3,3,3,3,3,3,3,3,3,3,3
n_vars,5,5,5,5,5,5,5,5,5,5,5,5,5,5,5,5,5,5,5,5,5,5,5,5,5,5,5,5,5,5,5,5,5,5,5,5,5,5,5,5,5,5,5,5,5,5,5,5,5,5,5,5,5,5,5,5,5,5,5,5,5,5,5,5,5,5,5,5,5,5,5,5,5,5,5,5,5,5,5,5,5,5,5,5,5,5,5,5,5,5,5,5,5,5
model,big.yaml,big.yaml,big.yaml,big.yaml,big.yaml,big.yaml,big.yaml,big.yaml,big.yaml,big.yaml,big.yaml,big.yaml,big.yaml,big.yaml,big.yaml,big.yaml,big.yaml,big.yaml,big.yaml,big.yaml,big.yaml,big.yaml,big.yaml,big.yaml,big.yaml,big.yaml,big.yaml,big.yaml,big.yaml,big.yaml,big.yaml,big.yaml,big.yaml,big.yaml,big.yaml,big.yaml,big.yaml,big.yaml,big.yaml,big.yaml,big.yaml,big.yaml,big.yaml,big.yaml,big.yaml,big.yaml,big.yaml,big.yaml,big.yaml,big.yaml,big.yaml,big.yaml,big.yaml,big.yaml,big.yaml,big.yaml,big.yaml,big.yaml,big.yaml,big.yaml,big.yaml,big.yaml,big.yaml,big.yaml,big.yaml,big.yaml,big.yaml,big.yaml,big.yaml,big.yaml,big.yaml,big.yaml,big.yaml,big.yaml,big.yaml,big.yaml,big.yaml,big.yaml,big.yaml,big.yaml,big.yaml,big.yaml,big.yaml,big.yaml,big.yaml,big.yaml,big.yaml,big.yaml,big.yaml,big.yaml,big.yaml,big.yaml,big.yaml,big.yaml
Val_Auroc,0.96396714,0.8446512,0.9716731,0.8494342,0.8230596,0.8617121,0.86437595,0.85475755,0.84406114,0.8310954,0.84185946,0.85756606,0.8663933,0.96905935,0.82783115,0.88744557,0.8402161,0.84217536,0.91831416,0.85967535,0.9326466,0.84749985,0.86834687,0.8734292,0.9642097,0.9325416,0.8439905,0.9633336,0.84801024,0.8367813,0.9657101,0.8286411,0.85844195,0.8522426,0.8326807,0.8384118,0.96897066,0.85888475,0.9662037,0.8303593,0.8240247,0.952469,0.96755826,0.8254242,0.8646838,0.81758654,0.84429836,0.9303152,0.8815564,0.9693585,0.81575614,0.84805465,0.96805465,0.8567411,0.8234451,0.9667089,0.92380965,0.81607836,0.9705199,0.82440984,0.88556373,0.8616964,0.9138037,0.8855356,0.8216164,0.82717776,0.8776586,0.8622545,0.82405853,0.85943687,0.84857374,0.835446,0.82691735,0.82759786,0.96669495,0.83003265,0.82218146,0.83206296,0.8611086,0.88252366,0.85282695,0.9490979,0.8883047,0.8469474,0.84000546,0.8593123,0.80796176,0.958078,0.85580003,0.851575,0.89011526,0.86566496,0.9298182,0.8183948
Val_MSE,0.015047309,0.04157515,0.016766721,0.042393874,0.042585246,0.038072143,0.037719183,0.039162125,0.04052642,0.042270172,0.040681474,0.04098073,0.037496462,0.01290568,0.043927796,0.035947096,0.041798778,0.042892266,0.031934712,0.040024426,0.027568595,0.04124244,0.038847495,0.036872957,0.014833943,0.031447522,0.041459296,0.014268212,0.04106243,0.04175751,0.0154401,0.04389838,0.041388012,0.03922443,0.04286798,0.041582625,0.012692346,0.038574845,0.015241974,0.042721346,0.042856544,0.022400217,0.014001128,0.042656373,0.03781893,0.04323216,0.041052558,0.031851828,0.036723595,0.013156518,0.044154298,0.041308228,0.012668897,0.039789498,0.042530544,0.013484479,0.02988066,0.044011075,0.017236494,0.042298514,0.036294274,0.039045013,0.033943795,0.03502857,0.043862663,0.043969177,0.0372986,0.0381286,0.042580266,0.040033832,0.040266253,0.042826146,0.04395561,0.042312622,0.01570847,0.04218454,0.043152492,0.04234093,0.03841957,0.036671963,0.039098352,0.024474962,0.037285674,0.041421067,0.04161835,0.03942905,0.04508627,0.020900698,0.03965859,0.040059928,0.035938628,0.03743426,0.029429492,0.04298908
