HP,27,78,17,89,68,5,66,12,64,83,58,23,107,113,40,1,21,50,42,45,48,51,53,97,62,70,32,93,13,8,28,18,96,19,22,54,29,10,114,26,101,88,95,30,61,106,81,47,80,38,87,14,9,111,59,43,103,69,33,99,112,67,98,75,31,115,118,86,77,65,119,3,49,25,6,117,79,16,82,34,7,4,24,73,46,44,109,105,15,11,72,110,52,35,85,2,108,91,116,94,55,41,84,0,20,71,92,56,57,60,36,76,37,90,39,100,102,63,104
model.optimizer_lr,0.0001,0.0001,0.001,0.0001,0.0001,0.001,0.0001,0.001,0.0001,0.0001,0.001,0.001,0.001,0.0001,0.001,0.001,0.001,0.001,0.001,0.001,0.001,0.0001,0.0001,0.0001,0.001,0.001,0.001,0.0001,0.0001,0.0001,0.0001,0.0001,0.0001,0.0001,0.001,0.001,0.0001,0.0001,0.0001,0.0001,0.0001,0.0001,0.001,0.0001,0.0001,0.001,0.001,0.001,0.001,0.001,0.0001,0.001,0.001,0.001,0.0001,0.0001,0.001,0.001,0.0001,0.001,0.0001,0.0001,0.001,0.001,0.0001,0.0001,0.0001,0.001,0.0001,0.0001,0.001,0.0001,0.001,0.001,0.001,0.0001,0.0001,0.001,0.0001,0.001,0.001,0.001,0.001,0.0001,0.001,0.0001,0.0001,0.001,0.0001,0.001,0.001,0.001,0.0001,0.001,0.001,0.0001,0.001,0.0001,0.0001,0.0001,0.001,0.001,0.001,0.001,0.0001,0.001,0.0001,0.001,0.0001,0.0001,0.0001,0.0001,0.0001,0.001,0.0001,0.0001,0.0001,0.001,0.001
data.batch_size,256,64,64,64,256,64,16,16,256,64,256,64,256,256,256,16,256,16,64,16,16,256,256,64,16,16,64,256,16,64,64,16,16,64,16,256,16,256,64,16,256,64,256,256,256,64,16,16,64,256,256,16,256,256,64,64,256,64,64,256,256,64,64,64,16,64,16,256,16,16,16,16,256,16,256,256,64,256,16,256,16,16,16,64,64,256,64,16,16,64,64,16,256,256,16,16,64,256,256,16,64,256,64,64,256,64,64,64,16,16,16,256,64,256,16,16,64,256,64
model.weight_decay,0,0,0,0.01,0.01,0.01,0,0.01,0.01,0.01,0.01,0.01,0.01,0.01,0.01,0,0,0,0.01,0.01,0.01,0,0.01,0.01,0.01,0.01,0.01,0.01,0.01,0,0,0.01,0.01,0,0,0,0.01,0.01,0.01,0,0.01,0,0.01,0,0,0.01,0.01,0,0,0.01,0.01,0.01,0,0,0,0.01,0.01,0.01,0.01,0,0,0.01,0,0.01,0,0.01,0,0,0,0.01,0,0,0,0,0.01,0.01,0,0,0.01,0,0.01,0,0.01,0,0.01,0,0.01,0,0,0,0,0.01,0,0.01,0,0.01,0,0,0,0.01,0,0,0,0,0.01,0,0.01,0.01,0.01,0.01,0,0,0,0.01,0,0,0,0.01,0.01
model.model_type,bidirectional,convM,mlp,unidirectional,transformer,mlp,bidirectional,convM,convM,transformer,unidirectional,bidirectional,convM,bidirectional,transformer,mlp,bidirectional,unidirectional,convM,bidirectional,transformer,mlp,mlp,unidirectional,convM,bidirectional,convM,unidirectional,convM,unidirectional,bidirectional,unidirectional,transformer,transformer,convM,transformer,bidirectional,bidirectional,transformer,mlp,unidirectional,unidirectional,bidirectional,convM,convM,unidirectional,mlp,mlp,bidirectional,mlp,convM,transformer,bidirectional,convM,convM,mlp,transformer,transformer,convM,unidirectional,unidirectional,convM,bidirectional,unidirectional,mlp,mlp,convM,convM,convM,mlp,transformer,unidirectional,mlp,convM,convM,mlp,mlp,transformer,unidirectional,mlp,unidirectional,bidirectional,unidirectional,bidirectional,mlp,transformer,bidirectional,unidirectional,transformer,transformer,convM,mlp,bidirectional,mlp,transformer,bidirectional,transformer,transformer,unidirectional,mlp,convM,unidirectional,unidirectional,mlp,transformer,unidirectional,bidirectional,transformer,transformer,convM,bidirectional,mlp,transformer,bidirectional,transformer,unidirectional,mlp,unidirectional,bidirectional
model.corr_regularization,False,True,True,True,True,False,False,True,True,True,True,False,True,False,False,True,True,False,True,True,True,True,True,False,False,False,False,False,True,True,False,True,True,True,True,False,False,True,False,True,True,False,True,False,True,True,False,False,False,False,False,False,False,False,False,False,True,False,True,True,False,False,True,False,False,True,False,True,True,False,True,True,True,False,False,False,True,True,False,False,False,False,True,True,True,True,False,True,True,False,False,True,True,True,False,True,True,False,True,True,True,False,True,False,False,False,True,True,False,False,True,False,False,False,False,False,False,False,True
corr_input,True,True,True,True,True,True,True,True,True,True,True,True,True,True,True,True,True,True,True,True,True,True,True,True,True,True,True,True,True,True,True,True,True,True,True,True,True,True,True,True,True,True,True,True,True,True,True,True,True,True,True,True,True,True,True,True,True,True,True,True,True,True,True,True,True,True,True,True,True,True,True,True,True,True,True,True,True,True,True,True,True,True,True,True,True,True,True,True,True,True,True,True,True,True,True,True,True,True,True,True,True,True,True,True,True,True,True,True,True,True,True,True,True,True,True,True,True,True,True
regression_head,False,False,False,False,False,False,False,False,False,False,False,False,False,False,False,False,False,False,False,False,False,False,False,False,False,False,False,False,False,False,False,False,False,False,False,False,False,False,False,False,False,False,False,False,False,False,False,False,False,False,False,False,False,False,False,False,False,False,False,False,False,False,False,False,False,False,False,False,False,False,False,False,False,False,False,False,False,False,False,False,False,False,False,False,False,False,False,False,False,False,False,False,False,False,False,False,False,False,False,False,False,False,False,False,False,False,False,False,False,False,False,False,False,False,False,False,False,False,False
hparams_search,slurm_exp2.yaml,slurm_exp2.yaml,slurm_exp2.yaml,slurm_exp2.yaml,slurm_exp2.yaml,slurm_exp2.yaml,slurm_exp2.yaml,slurm_exp2.yaml,slurm_exp2.yaml,slurm_exp2.yaml,slurm_exp2.yaml,slurm_exp2.yaml,slurm_exp2.yaml,slurm_exp2.yaml,slurm_exp2.yaml,slurm_exp2.yaml,slurm_exp2.yaml,slurm_exp2.yaml,slurm_exp2.yaml,slurm_exp2.yaml,slurm_exp2.yaml,slurm_exp2.yaml,slurm_exp2.yaml,slurm_exp2.yaml,slurm_exp2.yaml,slurm_exp2.yaml,slurm_exp2.yaml,slurm_exp2.yaml,slurm_exp2.yaml,slurm_exp2.yaml,slurm_exp2.yaml,slurm_exp2.yaml,slurm_exp2.yaml,slurm_exp2.yaml,slurm_exp2.yaml,slurm_exp2.yaml,slurm_exp2.yaml,slurm_exp2.yaml,slurm_exp2.yaml,slurm_exp2.yaml,slurm_exp2.yaml,slurm_exp2.yaml,slurm_exp2.yaml,slurm_exp2.yaml,slurm_exp2.yaml,slurm_exp2.yaml,slurm_exp2.yaml,slurm_exp2.yaml,slurm_exp2.yaml,slurm_exp2.yaml,slurm_exp2.yaml,slurm_exp2.yaml,slurm_exp2.yaml,slurm_exp2.yaml,slurm_exp2.yaml,slurm_exp2.yaml,slurm_exp2.yaml,slurm_exp2.yaml,slurm_exp2.yaml,slurm_exp2.yaml,slurm_exp2.yaml,slurm_exp2.yaml,slurm_exp2.yaml,slurm_exp2.yaml,slurm_exp2.yaml,slurm_exp2.yaml,slurm_exp2.yaml,slurm_exp2.yaml,slurm_exp2.yaml,slurm_exp2.yaml,slurm_exp2.yaml,slurm_exp2.yaml,slurm_exp2.yaml,slurm_exp2.yaml,slurm_exp2.yaml,slurm_exp2.yaml,slurm_exp2.yaml,slurm_exp2.yaml,slurm_exp2.yaml,slurm_exp2.yaml,slurm_exp2.yaml,slurm_exp2.yaml,slurm_exp2.yaml,slurm_exp2.yaml,slurm_exp2.yaml,slurm_exp2.yaml,slurm_exp2.yaml,slurm_exp2.yaml,slurm_exp2.yaml,slurm_exp2.yaml,slurm_exp2.yaml,slurm_exp2.yaml,slurm_exp2.yaml,slurm_exp2.yaml,slurm_exp2.yaml,slurm_exp2.yaml,slurm_exp2.yaml,slurm_exp2.yaml,slurm_exp2.yaml,slurm_exp2.yaml,slurm_exp2.yaml,slurm_exp2.yaml,slurm_exp2.yaml,slurm_exp2.yaml,slurm_exp2.yaml,slurm_exp2.yaml,slurm_exp2.yaml,slurm_exp2.yaml,slurm_exp2.yaml,slurm_exp2.yaml,slurm_exp2.yaml,slurm_exp2.yaml,slurm_exp2.yaml,slurm_exp2.yaml,slurm_exp2.yaml,slurm_exp2.yaml,slurm_exp2.yaml,slurm_exp2.yaml,slurm_exp2.yaml
model,medium.yaml,medium.yaml,medium.yaml,medium.yaml,medium.yaml,medium.yaml,medium.yaml,medium.yaml,medium.yaml,medium.yaml,medium.yaml,medium.yaml,medium.yaml,medium.yaml,medium.yaml,medium.yaml,medium.yaml,medium.yaml,medium.yaml,medium.yaml,medium.yaml,medium.yaml,medium.yaml,medium.yaml,medium.yaml,medium.yaml,medium.yaml,medium.yaml,medium.yaml,medium.yaml,medium.yaml,medium.yaml,medium.yaml,medium.yaml,medium.yaml,medium.yaml,medium.yaml,medium.yaml,medium.yaml,medium.yaml,medium.yaml,medium.yaml,medium.yaml,medium.yaml,medium.yaml,medium.yaml,medium.yaml,medium.yaml,medium.yaml,medium.yaml,medium.yaml,medium.yaml,medium.yaml,medium.yaml,medium.yaml,medium.yaml,medium.yaml,medium.yaml,medium.yaml,medium.yaml,medium.yaml,medium.yaml,medium.yaml,medium.yaml,medium.yaml,medium.yaml,medium.yaml,medium.yaml,medium.yaml,medium.yaml,medium.yaml,medium.yaml,medium.yaml,medium.yaml,medium.yaml,medium.yaml,medium.yaml,medium.yaml,medium.yaml,medium.yaml,medium.yaml,medium.yaml,medium.yaml,medium.yaml,medium.yaml,medium.yaml,medium.yaml,medium.yaml,medium.yaml,medium.yaml,medium.yaml,medium.yaml,medium.yaml,medium.yaml,medium.yaml,medium.yaml,medium.yaml,medium.yaml,medium.yaml,medium.yaml,medium.yaml,medium.yaml,medium.yaml,medium.yaml,medium.yaml,medium.yaml,medium.yaml,medium.yaml,medium.yaml,medium.yaml,medium.yaml,medium.yaml,medium.yaml,medium.yaml,medium.yaml,medium.yaml,medium.yaml,medium.yaml,medium.yaml
max_lags,3,3,3,3,3,3,3,3,3,3,3,3,3,3,3,3,3,3,3,3,3,3,3,3,3,3,3,3,3,3,3,3,3,3,3,3,3,3,3,3,3,3,3,3,3,3,3,3,3,3,3,3,3,3,3,3,3,3,3,3,3,3,3,3,3,3,3,3,3,3,3,3,3,3,3,3,3,3,3,3,3,3,3,3,3,3,3,3,3,3,3,3,3,3,3,3,3,3,3,3,3,3,3,3,3,3,3,3,3,3,3,3,3,3,3,3,3,3,3
n_vars,5,5,5,5,5,5,5,5,5,5,5,5,5,5,5,5,5,5,5,5,5,5,5,5,5,5,5,5,5,5,5,5,5,5,5,5,5,5,5,5,5,5,5,5,5,5,5,5,5,5,5,5,5,5,5,5,5,5,5,5,5,5,5,5,5,5,5,5,5,5,5,5,5,5,5,5,5,5,5,5,5,5,5,5,5,5,5,5,5,5,5,5,5,5,5,5,5,5,5,5,5,5,5,5,5,5,5,5,5,5,5,5,5,5,5,5,5,5,5
data.ds_name,joint,joint,joint,joint,joint,joint,joint,joint,joint,joint,joint,joint,joint,joint,joint,joint,joint,joint,joint,joint,joint,joint,joint,joint,joint,joint,joint,joint,joint,joint,joint,joint,joint,joint,joint,joint,joint,joint,joint,joint,joint,joint,joint,joint,joint,joint,joint,joint,joint,joint,joint,joint,joint,joint,joint,joint,joint,joint,joint,joint,joint,joint,joint,joint,joint,joint,joint,joint,joint,joint,joint,joint,joint,joint,joint,joint,joint,joint,joint,joint,joint,joint,joint,joint,joint,joint,joint,joint,joint,joint,joint,joint,joint,joint,joint,joint,joint,joint,joint,joint,joint,joint,joint,joint,joint,joint,joint,joint,joint,joint,joint,joint,joint,joint,joint,joint,joint,joint,joint
Val_Auroc,0.8319633,0.80018854,0.93566424,0.8275451,0.8053977,0.9118368,0.84829426,0.86559916,0.80093193,0.8171586,0.85614157,0.8678881,0.8570334,0.8425418,0.89105475,0.8676812,0.8524151,0.8814088,0.8652042,0.8840085,0.9383842,0.7304951,0.73137724,0.867987,0.87158346,0.9099862,0.8588602,0.8397567,0.80318105,0.8568153,0.8363753,0.8625173,0.82507646,0.8176268,0.86288744,0.8882332,0.8484203,0.821937,0.8140726,0.732798,0.8218591,0.83591336,0.8533628,0.79884773,0.8009494,0.8692323,0.9124985,0.868142,0.87179303,0.86938965,0.7992923,0.9359677,0.8817638,0.8530065,0.8005672,0.73225343,0.87570715,0.94153994,0.80056036,0.8517403,0.8393284,0.80045354,0.8939516,0.8801713,0.8423188,0.7269751,0.8016951,0.8561877,0.8380732,0.84077,0.9178876,0.8653419,0.8703755,0.86241066,0.85580325,0.7381251,0.72906137,0.84528875,0.8698075,0.8373571,0.8842928,0.9281975,0.8754579,0.85836625,0.89747673,0.8061668,0.8671477,0.87863296,0.83111244,0.9052144,0.86364895,0.9054496,0.82125455,0.72983444,0.9293301,0.86031306,0.89258385,0.81114817,0.82140356,0.7310364,0.86041474,0.85968995,0.891559,0.9088203,0.8174052,0.8650298,0.85856605,0.93126047,0.836041,0.8028668,0.8689747,0.73878425,0.82615435,0.8823189,0.87223125,0.85209495,0.7315365,0.85537356,0.87588143
Val_MSE,0.04215145,0.045436893,0.026672376,0.042642474,0.048655927,0.030401278,0.040857483,0.03725947,0.045409173,0.044219114,0.039752245,0.037762925,0.038921464,0.041236453,0.03394262,0.03768888,0.040169153,0.03717574,0.037731003,0.037501354,0.027685959,0.054442205,0.054477114,0.03849251,0.036522526,0.031054392,0.039728265,0.04127088,0.045115683,0.040162098,0.04153832,0.04036186,0.043623872,0.044191685,0.037618566,0.034635056,0.04078776,0.04334885,0.04514534,0.054326486,0.043249507,0.0415499,0.03979457,0.046443745,0.045410365,0.038175296,0.030065263,0.036690157,0.03669021,0.03740809,0.046415135,0.027251245,0.035677116,0.041024756,0.04588755,0.053987283,0.036237866,0.024755253,0.045426093,0.04041493,0.041272823,0.045878,0.03490851,0.03587695,0.04102283,0.054119926,0.04534745,0.038907524,0.041855156,0.041109573,0.03178785,0.040252395,0.03684272,0.037722714,0.039893076,0.054875303,0.054112557,0.041419502,0.03879277,0.042161334,0.034998275,0.029235696,0.038574103,0.040013667,0.03369165,0.048639487,0.0382979,0.03808159,0.04290077,0.031990368,0.038668375,0.03304345,0.043495573,0.05439782,0.028577173,0.040227797,0.0345678,0.046622034,0.043261815,0.054330982,0.038202655,0.03873655,0.03474627,0.030964106,0.043268293,0.03809859,0.03995211,0.028160742,0.041617356,0.045242354,0.039755963,0.054660637,0.0420911,0.035416726,0.037383016,0.040544186,0.05408572,0.039706048,0.036841467
