HP,3,2,4,1,0,3,2,4,1,0,3,2,4,1,0,3,2,4,1,0,3,2,4,1,0,3,2,4,1,0,3,2,4,1,0,3,2,4,1,0,3,2,4,1,0,3,2,4,1,0,3,2,4,1,0,3,2,4,1,0,3,2,4,1,0,3,2,4,1,0,3,2,4,1,0,3,2,4,1,0,3,2,4,1,0
seed,42,43,44,46,45,46,44,45,43,42,43,45,44,42,46,43,45,46,42,44,44,42,45,46,43,43,45,44,42,46,44,42,46,43,45,44,42,43,46,45,43,46,44,45,42,42,46,43,45,44,45,42,43,44,46,44,45,43,42,46,42,43,44,46,45,42,44,46,43,45,45,43,44,46,42,43,42,46,45,44,45,44,46,43,42
hparams_search,std_runs_slurm.yaml,std_runs_slurm.yaml,std_runs_slurm.yaml,std_runs_slurm.yaml,std_runs_slurm.yaml,std_runs_slurm.yaml,std_runs_slurm.yaml,std_runs_slurm.yaml,std_runs_slurm.yaml,std_runs_slurm.yaml,std_runs_slurm.yaml,std_runs_slurm.yaml,std_runs_slurm.yaml,std_runs_slurm.yaml,std_runs_slurm.yaml,std_runs_slurm.yaml,std_runs_slurm.yaml,std_runs_slurm.yaml,std_runs_slurm.yaml,std_runs_slurm.yaml,std_runs_slurm.yaml,std_runs_slurm.yaml,std_runs_slurm.yaml,std_runs_slurm.yaml,std_runs_slurm.yaml,std_runs_slurm.yaml,std_runs_slurm.yaml,std_runs_slurm.yaml,std_runs_slurm.yaml,std_runs_slurm.yaml,std_runs_slurm.yaml,std_runs_slurm.yaml,std_runs_slurm.yaml,std_runs_slurm.yaml,std_runs_slurm.yaml,std_runs_slurm.yaml,std_runs_slurm.yaml,std_runs_slurm.yaml,std_runs_slurm.yaml,std_runs_slurm.yaml,std_runs_slurm.yaml,std_runs_slurm.yaml,std_runs_slurm.yaml,std_runs_slurm.yaml,std_runs_slurm.yaml,std_runs_slurm.yaml,std_runs_slurm.yaml,std_runs_slurm.yaml,std_runs_slurm.yaml,std_runs_slurm.yaml,std_runs_slurm.yaml,std_runs_slurm.yaml,std_runs_slurm.yaml,std_runs_slurm.yaml,std_runs_slurm.yaml,std_runs_slurm.yaml,std_runs_slurm.yaml,std_runs_slurm.yaml,std_runs_slurm.yaml,std_runs_slurm.yaml,std_runs_slurm.yaml,std_runs_slurm.yaml,std_runs_slurm.yaml,std_runs_slurm.yaml,std_runs_slurm.yaml,std_runs_slurm.yaml,std_runs_slurm.yaml,std_runs_slurm.yaml,std_runs_slurm.yaml,std_runs_slurm.yaml,std_runs_slurm.yaml,std_runs_slurm.yaml,std_runs_slurm.yaml,std_runs_slurm.yaml,std_runs_slurm.yaml,std_runs_slurm.yaml,std_runs_slurm.yaml,std_runs_slurm.yaml,std_runs_slurm.yaml,std_runs_slurm.yaml,std_runs_slurm.yaml,std_runs_slurm.yaml,std_runs_slurm.yaml,std_runs_slurm.yaml,std_runs_slurm.yaml
model.optimizer_lr,0.0001,0.0001,0.0001,0.0001,0.0001,0.001,0.001,0.001,0.001,0.001,0.001,0.001,0.001,0.001,0.001,0.0001,0.0001,0.0001,0.0001,0.0001,0.001,0.001,0.001,0.001,0.001,0.001,0.001,0.001,0.001,0.001,0.0001,0.0001,0.0001,0.0001,0.0001,0.0001,0.0001,0.0001,0.0001,0.0001,0.001,0.001,0.001,0.001,0.001,0.001,0.001,0.001,0.001,0.001,0.0001,0.0001,0.0001,0.0001,0.0001,0.0001,0.0001,0.0001,0.0001,0.0001,0.0001,0.0001,0.0001,0.0001,0.0001,0.001,0.001,0.001,0.001,0.001,0.001,0.001,0.001,0.001,0.001,0.0001,0.0001,0.0001,0.0001,0.0001,0.0001,0.0001,0.0001,0.0001,0.0001
data.batch_size,16,16,16,16,16,256,256,256,256,256,16,16,16,16,16,16,16,16,16,16,64,64,64,64,64,64,64,64,64,64,16,16,16,16,16,64,64,64,64,64,256,256,256,256,256,16,16,16,16,16,64,64,64,64,64,16,16,16,16,16,16,16,16,16,16,16,16,16,16,16,256,256,256,256,256,16,16,16,16,16,16,16,16,16,16
model.weight_decay,0.01,0.01,0.01,0.01,0.01,0,0,0,0,0,0,0,0,0,0,0,0,0,0,0,0,0,0,0,0,0.01,0.01,0.01,0.01,0.01,0.01,0.01,0.01,0.01,0.01,0,0,0,0,0,0,0,0,0,0,0.01,0.01,0.01,0.01,0.01,0,0,0,0,0,0,0,0,0,0,0.01,0.01,0.01,0.01,0.01,0,0,0,0,0,0,0,0,0,0,0.01,0.01,0.01,0.01,0.01,0,0,0,0,0
model.model_type,convM,convM,convM,convM,convM,mlp,mlp,mlp,mlp,mlp,bidirectional,bidirectional,bidirectional,bidirectional,bidirectional,unidirectional,unidirectional,unidirectional,unidirectional,unidirectional,unidirectional,unidirectional,unidirectional,unidirectional,unidirectional,mlp,mlp,mlp,mlp,mlp,convM,convM,convM,convM,convM,bidirectional,bidirectional,bidirectional,bidirectional,bidirectional,unidirectional,unidirectional,unidirectional,unidirectional,unidirectional,bidirectional,bidirectional,bidirectional,bidirectional,bidirectional,bidirectional,bidirectional,bidirectional,bidirectional,bidirectional,mlp,mlp,mlp,mlp,mlp,mlp,mlp,mlp,mlp,mlp,bidirectional,bidirectional,bidirectional,bidirectional,bidirectional,convM,convM,convM,convM,convM,unidirectional,unidirectional,unidirectional,unidirectional,unidirectional,unidirectional,unidirectional,unidirectional,unidirectional,unidirectional
model.corr_regularization,False,False,False,False,False,True,True,True,True,True,False,False,False,False,False,False,False,False,False,False,False,False,False,False,False,True,True,True,True,True,False,False,False,False,False,True,True,True,True,True,False,False,False,False,False,False,False,False,False,False,True,True,True,True,True,True,True,True,True,True,True,True,True,True,True,False,False,False,False,False,False,False,False,False,False,True,True,True,True,True,False,False,False,False,False
corr_input,True,True,True,True,True,True,True,True,True,True,True,True,True,True,True,True,True,True,True,True,True,True,True,True,True,True,True,True,True,True,True,True,True,True,True,True,True,True,True,True,True,True,True,True,True,True,True,True,True,True,True,True,True,True,True,True,True,True,True,True,True,True,True,True,True,True,True,True,True,True,True,True,True,True,True,True,True,True,True,True,True,True,True,True,True
regression_head,False,False,False,False,False,False,False,False,False,False,False,False,False,False,False,False,False,False,False,False,False,False,False,False,False,False,False,False,False,False,False,False,False,False,False,False,False,False,False,False,False,False,False,False,False,False,False,False,False,False,False,False,False,False,False,False,False,False,False,False,False,False,False,False,False,False,False,False,False,False,False,False,False,False,False,False,False,False,False,False,False,False,False,False,False
data.ds_name,scale_up_2,scale_up_2,scale_up_2,scale_up_2,scale_up_2,scale_up,scale_up,scale_up,scale_up,scale_up,scale_up_3,scale_up_3,scale_up_3,scale_up_3,scale_up_3,scale_up,scale_up,scale_up,scale_up,scale_up,scale_up_2,scale_up_2,scale_up_2,scale_up_2,scale_up_2,scale_up_2,scale_up_2,scale_up_2,scale_up_2,scale_up_2,scale_up,scale_up,scale_up,scale_up,scale_up,scale_up,scale_up,scale_up,scale_up,scale_up,scale_up_3,scale_up_3,scale_up_3,scale_up_3,scale_up_3,scale_up_2,scale_up_2,scale_up_2,scale_up_2,scale_up_2,scale_up,scale_up,scale_up,scale_up,scale_up,scale_up_3,scale_up_3,scale_up_3,scale_up_3,scale_up_3,scale_up,scale_up,scale_up,scale_up,scale_up,scale_up_3,scale_up_3,scale_up_3,scale_up_3,scale_up_3,scale_up_3,scale_up_3,scale_up_3,scale_up_3,scale_up_3,scale_up_3,scale_up_3,scale_up_3,scale_up_3,scale_up_3,scale_up,scale_up,scale_up,scale_up,scale_up
max_lags,3,3,3,3,3,3,3,3,3,3,3,3,3,3,3,3,3,3,3,3,3,3,3,3,3,3,3,3,3,3,3,3,3,3,3,3,3,3,3,3,3,3,3,3,3,3,3,3,3,3,3,3,3,3,3,3,3,3,3,3,3,3,3,3,3,3,3,3,3,3,3,3,3,3,3,3,3,3,3,3,3,3,3,3,3
n_vars,7,7,7,7,7,10,10,10,10,10,15,15,15,15,15,10,10,10,10,10,7,7,7,7,7,7,7,7,7,7,10,10,10,10,10,10,10,10,10,10,15,15,15,15,15,7,7,7,7,7,10,10,10,10,10,15,15,15,15,15,10,10,10,10,10,15,15,15,15,15,15,15,15,15,15,15,15,15,15,15,10,10,10,10,10
model,deep.yaml,deep.yaml,deep.yaml,deep.yaml,deep.yaml,deep.yaml,deep.yaml,deep.yaml,deep.yaml,deep.yaml,deep.yaml,deep.yaml,deep.yaml,deep.yaml,deep.yaml,lcm.yaml,lcm.yaml,lcm.yaml,lcm.yaml,lcm.yaml,deep.yaml,deep.yaml,deep.yaml,deep.yaml,deep.yaml,deep.yaml,deep.yaml,deep.yaml,deep.yaml,deep.yaml,deep.yaml,deep.yaml,deep.yaml,deep.yaml,deep.yaml,lcm.yaml,lcm.yaml,lcm.yaml,lcm.yaml,lcm.yaml,deep.yaml,deep.yaml,deep.yaml,deep.yaml,deep.yaml,deep.yaml,deep.yaml,deep.yaml,deep.yaml,deep.yaml,deep.yaml,deep.yaml,deep.yaml,deep.yaml,deep.yaml,lcm.yaml,lcm.yaml,lcm.yaml,lcm.yaml,lcm.yaml,lcm.yaml,lcm.yaml,lcm.yaml,lcm.yaml,lcm.yaml,lcm.yaml,lcm.yaml,lcm.yaml,lcm.yaml,lcm.yaml,deep.yaml,deep.yaml,deep.yaml,deep.yaml,deep.yaml,lcm.yaml,lcm.yaml,lcm.yaml,lcm.yaml,lcm.yaml,deep.yaml,deep.yaml,deep.yaml,deep.yaml,deep.yaml
Test1_Auroc,0.49980542,0.505798,0.5025461,0.5024853,0.5038449,0.50137746,0.49651894,0.5021112,0.4984123,0.5006014,0.500648,0.5016858,0.5025131,0.5005869,0.5023124,0.50870574,0.5043293,0.50270385,0.504797,0.53777254,0.518666,0.90903795,0.9011647,0.5014698,0.5926564,0.5002303,0.502951,0.50977314,0.50230193,0.50327164,0.5014044,0.4984226,0.49936917,0.49873593,0.49870798,0.49697238,0.4984458,0.5007271,0.5012884,0.501433,0.50328314,0.49777764,0.49868757,0.49824846,0.50013983,0.88322353,0.51843506,0.80475926,0.5023323,0.51656526,0.50095296,0.50204587,0.49432266,0.49864513,0.49918097,0.49836445,0.50067383,0.49588954,0.5007704,0.50089455,0.5058978,0.50067985,0.5025537,0.5022146,0.50363255,0.49980074,0.5032024,0.5027652,0.5000656,0.50220937,0.49643368,0.49924564,0.49765772,0.5004141,0.5020675,0.49985275,0.50006115,0.50026387,0.5009939,0.49642697,0.49878073,0.53803223,0.49739003,0.5075542,0.5043671
Test1_MSE,0.082119144,0.082666546,0.083176926,0.08295793,0.08176616,0.08367414,0.084306926,0.083845444,0.083741605,0.08370943,0.08419281,0.08362145,0.084741056,0.08427486,0.08318542,0.08504417,0.0828959,0.082453266,0.084021956,0.09226217,0.081292056,0.05349883,0.05394045,0.11171617,0.08035902,0.08246676,0.08238778,0.082270406,0.082388274,0.08237245,0.08378216,0.083670095,0.083213545,0.08320498,0.08371642,0.08405176,0.08304153,0.08353063,0.08402224,0.08345911,0.082399346,0.082589395,0.19649634,0.08257787,0.086449824,0.05323749,0.08230592,0.069036,0.08264176,0.082057945,0.08308417,0.0829936,0.08361231,0.083994076,0.08330242,0.08394184,0.08420045,0.0831506,0.08439602,0.08298353,0.08346079,0.0840556,0.08345155,0.08371707,0.08411845,0.08239993,0.084719166,0.08316723,0.084220015,0.083638765,0.10468243,0.09462473,0.08425568,0.08729021,0.08299484,0.082423076,0.082433105,0.083594196,0.08292831,0.083724946,0.082927525,0.09226644,0.08253165,0.08469741,0.08405576
Test2_AUROC,0.51023215,0.5093456,0.50623214,0.5002344,0.50475717,0.4981413,0.50465703,0.50144756,0.49918276,0.5034318,0.4966743,0.49568433,0.49951386,0.49775657,0.49783674,0.5190905,0.49909055,0.5014992,0.510847,0.5450407,0.5307443,0.9568238,0.9462899,0.5018619,0.6352187,0.50391656,0.49971098,0.5019382,0.5037992,0.5025975,0.50077343,0.50203764,0.5054602,0.50347865,0.5035185,0.5026754,0.5018331,0.5049194,0.5035096,0.5062156,0.5005306,0.49865177,0.5012944,0.49651307,0.50174594,0.93394566,0.5273166,0.8564191,0.5029492,0.535406,0.5006367,0.5018331,0.5049194,0.5026754,0.50282544,0.49817806,0.5009506,0.5007106,0.50079536,0.49879885,0.4998737,0.50211424,0.49989653,0.5012089,0.50138056,0.5015857,0.49951392,0.49783674,0.49667433,0.49568427,0.50139236,0.5019497,0.5017063,0.50052387,0.50159574,0.50363815,0.4974627,0.5034118,0.501097,0.501071,0.50322807,0.54504055,0.49736172,0.5165392,0.5108454
Test2_MSE,0.08181145,0.08255439,0.08275613,0.08293021,0.08161665,0.08391625,0.084278494,0.08396637,0.08391056,0.08383442,0.082972206,0.082460694,0.08350093,0.08310339,0.082048446,0.086413555,0.08323746,0.082775,0.08519269,0.09876289,0.08123963,0.028781658,0.032297447,0.12003872,0.07920441,0.082319506,0.08237169,0.08228457,0.08225329,0.08236962,0.08359319,0.08353873,0.083402865,0.08345833,0.083810754,0.08414689,0.08308356,0.08368704,0.08412783,0.08364121,0.08119591,0.081318334,0.19634922,0.081377745,0.08112675,0.036006987,0.08279488,0.06007851,0.08273393,0.082601964,0.08321096,0.08308356,0.083687045,0.08414689,0.08346915,0.0822959,0.08257869,0.081636935,0.08296013,0.08155368,0.084097125,0.08432455,0.08374681,0.083937116,0.08451374,0.081177995,0.08350093,0.08204845,0.08297219,0.082460694,0.08125532,0.08143316,0.08116299,0.081334956,0.08124191,0.08106305,0.0811097,0.082658686,0.08152131,0.08307662,0.08318008,0.09876291,0.08283774,0.08604313,0.08519275
