HP,1,3,4,2,0,1,3,4,2,0,1,3,4,2,0,1,3,4,2,0,1,3,4,2,0,1,3,4,2,0,1,3,4,2,0,1,3,4,2,0,1,3,4,2,0,1,3,4,2,0,1,3,4,2,0,1,3,4,2,0,1,3,4,2,0,1,3,4,2,0,1,3,4,2,0,1,3,4,2,0,1,3,4,2,0,1,3,4,2,0,1,3,4,2,0,1,3,4,2,0,2,0,1,3,4,2,0,1,3,4,2,0,1,3,4,2,0,1,3,4,2,0,1,3,4,2,0,1,3,4,2,0,1,3,4,2,0,1,3,4,2,0,1,3,4,2,0,1,3,4,2,0,1,3,4,2,0,1,3,4,2,0,1,3,4,2,0,1,3,4,2,0,1,3,4,2,0,1,3,4,2,0
seed,42,44,43,45,46,44,42,43,46,45,42,46,43,45,44,43,42,45,46,44,42,43,44,45,46,46,42,45,43,44,44,43,42,45,46,43,45,46,44,42,46,44,42,45,43,42,43,46,44,45,42,44,43,45,46,42,45,43,44,46,42,46,43,45,44,43,45,42,44,46,42,43,46,45,44,46,42,44,43,45,42,44,45,43,46,46,45,42,44,43,42,45,43,46,44,46,45,42,43,44,42,43,42,45,43,46,44,42,43,45,46,44,44,42,46,45,43,46,43,45,44,42,44,43,45,42,46,46,42,43,45,44,46,44,45,42,43,44,45,42,46,43,44,45,46,42,43,45,42,44,46,43,46,45,43,42,44,42,44,46,43,45,43,45,44,46,42,42,45,43,46,44,44,42,43,46,45,46,45,42,44,43
hparams_search,std_runs_slurm.yaml,std_runs_slurm.yaml,std_runs_slurm.yaml,std_runs_slurm.yaml,std_runs_slurm.yaml,std_runs_slurm.yaml,std_runs_slurm.yaml,std_runs_slurm.yaml,std_runs_slurm.yaml,std_runs_slurm.yaml,std_runs_slurm.yaml,std_runs_slurm.yaml,std_runs_slurm.yaml,std_runs_slurm.yaml,std_runs_slurm.yaml,std_runs_slurm.yaml,std_runs_slurm.yaml,std_runs_slurm.yaml,std_runs_slurm.yaml,std_runs_slurm.yaml,std_runs_slurm.yaml,std_runs_slurm.yaml,std_runs_slurm.yaml,std_runs_slurm.yaml,std_runs_slurm.yaml,std_runs_slurm.yaml,std_runs_slurm.yaml,std_runs_slurm.yaml,std_runs_slurm.yaml,std_runs_slurm.yaml,std_runs_slurm.yaml,std_runs_slurm.yaml,std_runs_slurm.yaml,std_runs_slurm.yaml,std_runs_slurm.yaml,std_runs_slurm.yaml,std_runs_slurm.yaml,std_runs_slurm.yaml,std_runs_slurm.yaml,std_runs_slurm.yaml,std_runs_slurm.yaml,std_runs_slurm.yaml,std_runs_slurm.yaml,std_runs_slurm.yaml,std_runs_slurm.yaml,std_runs_slurm.yaml,std_runs_slurm.yaml,std_runs_slurm.yaml,std_runs_slurm.yaml,std_runs_slurm.yaml,std_runs_slurm.yaml,std_runs_slurm.yaml,std_runs_slurm.yaml,std_runs_slurm.yaml,std_runs_slurm.yaml,std_runs_slurm.yaml,std_runs_slurm.yaml,std_runs_slurm.yaml,std_runs_slurm.yaml,std_runs_slurm.yaml,std_runs_slurm.yaml,std_runs_slurm.yaml,std_runs_slurm.yaml,std_runs_slurm.yaml,std_runs_slurm.yaml,std_runs_slurm.yaml,std_runs_slurm.yaml,std_runs_slurm.yaml,std_runs_slurm.yaml,std_runs_slurm.yaml,std_runs_slurm.yaml,std_runs_slurm.yaml,std_runs_slurm.yaml,std_runs_slurm.yaml,std_runs_slurm.yaml,std_runs_slurm.yaml,std_runs_slurm.yaml,std_runs_slurm.yaml,std_runs_slurm.yaml,std_runs_slurm.yaml,std_runs_slurm.yaml,std_runs_slurm.yaml,std_runs_slurm.yaml,std_runs_slurm.yaml,std_runs_slurm.yaml,std_runs_slurm.yaml,std_runs_slurm.yaml,std_runs_slurm.yaml,std_runs_slurm.yaml,std_runs_slurm.yaml,std_runs_slurm.yaml,std_runs_slurm.yaml,std_runs_slurm.yaml,std_runs_slurm.yaml,std_runs_slurm.yaml,std_runs_slurm.yaml,std_runs_slurm.yaml,std_runs_slurm.yaml,std_runs_slurm.yaml,std_runs_slurm.yaml,std_runs_slurm.yaml,std_runs_slurm.yaml,std_runs_slurm.yaml,std_runs_slurm.yaml,std_runs_slurm.yaml,std_runs_slurm.yaml,std_runs_slurm.yaml,std_runs_slurm.yaml,std_runs_slurm.yaml,std_runs_slurm.yaml,std_runs_slurm.yaml,std_runs_slurm.yaml,std_runs_slurm.yaml,std_runs_slurm.yaml,std_runs_slurm.yaml,std_runs_slurm.yaml,std_runs_slurm.yaml,std_runs_slurm.yaml,std_runs_slurm.yaml,std_runs_slurm.yaml,std_runs_slurm.yaml,std_runs_slurm.yaml,std_runs_slurm.yaml,std_runs_slurm.yaml,std_runs_slurm.yaml,std_runs_slurm.yaml,std_runs_slurm.yaml,std_runs_slurm.yaml,std_runs_slurm.yaml,std_runs_slurm.yaml,std_runs_slurm.yaml,std_runs_slurm.yaml,std_runs_slurm.yaml,std_runs_slurm.yaml,std_runs_slurm.yaml,std_runs_slurm.yaml,std_runs_slurm.yaml,std_runs_slurm.yaml,std_runs_slurm.yaml,std_runs_slurm.yaml,std_runs_slurm.yaml,std_runs_slurm.yaml,std_runs_slurm.yaml,std_runs_slurm.yaml,std_runs_slurm.yaml,std_runs_slurm.yaml,std_runs_slurm.yaml,std_runs_slurm.yaml,std_runs_slurm.yaml,std_runs_slurm.yaml,std_runs_slurm.yaml,std_runs_slurm.yaml,std_runs_slurm.yaml,std_runs_slurm.yaml,std_runs_slurm.yaml,std_runs_slurm.yaml,std_runs_slurm.yaml,std_runs_slurm.yaml,std_runs_slurm.yaml,std_runs_slurm.yaml,std_runs_slurm.yaml,std_runs_slurm.yaml,std_runs_slurm.yaml,std_runs_slurm.yaml,std_runs_slurm.yaml,std_runs_slurm.yaml,std_runs_slurm.yaml,std_runs_slurm.yaml,std_runs_slurm.yaml,std_runs_slurm.yaml,std_runs_slurm.yaml,std_runs_slurm.yaml,std_runs_slurm.yaml,std_runs_slurm.yaml,std_runs_slurm.yaml,std_runs_slurm.yaml,std_runs_slurm.yaml,std_runs_slurm.yaml,std_runs_slurm.yaml,std_runs_slurm.yaml,std_runs_slurm.yaml,std_runs_slurm.yaml
model.optimizer_lr,0.001,0.001,0.001,0.001,0.001,0.001,0.001,0.001,0.001,0.001,0.001,0.001,0.001,0.001,0.001,0.001,0.001,0.001,0.001,0.001,0.001,0.001,0.001,0.001,0.001,0.0001,0.0001,0.0001,0.0001,0.0001,0.001,0.001,0.001,0.001,0.001,0.001,0.001,0.001,0.001,0.001,0.001,0.001,0.001,0.001,0.001,0.001,0.001,0.001,0.001,0.001,0.001,0.001,0.001,0.001,0.001,0.001,0.001,0.001,0.001,0.001,0.001,0.001,0.001,0.001,0.001,0.001,0.001,0.001,0.001,0.001,0.001,0.001,0.001,0.001,0.001,0.001,0.001,0.001,0.001,0.001,0.0001,0.0001,0.0001,0.0001,0.0001,0.001,0.001,0.001,0.001,0.001,0.001,0.001,0.001,0.001,0.001,0.001,0.001,0.001,0.001,0.001,0.0001,0.0001,0.001,0.001,0.001,0.001,0.001,0.001,0.001,0.001,0.001,0.001,0.0001,0.0001,0.0001,0.0001,0.0001,0.001,0.001,0.001,0.001,0.001,0.0001,0.0001,0.0001,0.0001,0.0001,0.0001,0.0001,0.0001,0.0001,0.0001,0.0001,0.0001,0.0001,0.0001,0.0001,0.001,0.001,0.001,0.001,0.001,0.001,0.001,0.001,0.001,0.001,0.001,0.001,0.001,0.001,0.001,0.0001,0.0001,0.0001,0.0001,0.0001,0.001,0.001,0.001,0.001,0.001,0.0001,0.0001,0.0001,0.0001,0.0001,0.0001,0.0001,0.0001,0.0001,0.0001,0.001,0.001,0.001,0.001,0.001,0.0001,0.0001,0.0001,0.0001,0.0001
data.batch_size,16,16,16,16,16,64,64,64,64,64,16,16,16,16,16,64,64,64,64,64,64,64,64,64,64,16,16,16,16,16,64,64,64,64,64,16,16,16,16,16,16,16,16,16,16,16,16,16,16,16,16,16,16,16,16,16,16,16,16,16,16,16,16,16,16,16,16,16,16,16,16,16,16,16,16,16,16,16,16,16,256,256,256,256,256,16,16,16,16,16,64,64,64,64,64,16,16,16,16,16,64,64,64,64,64,64,64,16,16,16,16,16,16,16,16,16,16,64,64,64,64,64,16,16,16,16,16,16,16,16,16,16,16,16,16,16,16,16,16,16,16,16,64,64,64,64,64,256,256,256,256,256,16,16,16,16,16,16,16,16,16,16,16,16,16,16,16,256,256,256,256,256,16,16,16,16,16,16,16,16,16,16
model.weight_decay,0.01,0.01,0.01,0.01,0.01,0.01,0.01,0.01,0.01,0.01,0.01,0.01,0.01,0.01,0.01,0,0,0,0,0,0,0,0,0,0,0,0,0,0,0,0,0,0,0,0,0.01,0.01,0.01,0.01,0.01,0.01,0.01,0.01,0.01,0.01,0.01,0.01,0.01,0.01,0.01,0.01,0.01,0.01,0.01,0.01,0.01,0.01,0.01,0.01,0.01,0.01,0.01,0.01,0.01,0.01,0,0,0,0,0,0.01,0.01,0.01,0.01,0.01,0.01,0.01,0.01,0.01,0.01,0.01,0.01,0.01,0.01,0.01,0.01,0.01,0.01,0.01,0.01,0.01,0.01,0.01,0.01,0.01,0,0,0,0,0,0.01,0.01,0.01,0.01,0.01,0.01,0.01,0.01,0.01,0.01,0.01,0.01,0,0,0,0,0,0.01,0.01,0.01,0.01,0.01,0.01,0.01,0.01,0.01,0.01,0.01,0.01,0.01,0.01,0.01,0.01,0.01,0.01,0.01,0.01,0,0,0,0,0,0.01,0.01,0.01,0.01,0.01,0,0,0,0,0,0.01,0.01,0.01,0.01,0.01,0,0,0,0,0,0,0,0,0,0,0,0,0,0,0,0.01,0.01,0.01,0.01,0.01,0.01,0.01,0.01,0.01,0.01
model.model_type,convM,convM,convM,convM,convM,unidirectional,unidirectional,unidirectional,unidirectional,unidirectional,unidirectional,unidirectional,unidirectional,unidirectional,unidirectional,convM,convM,convM,convM,convM,convM,convM,convM,convM,convM,unidirectional,unidirectional,unidirectional,unidirectional,unidirectional,unidirectional,unidirectional,unidirectional,unidirectional,unidirectional,convM,convM,convM,convM,convM,bidirectional,bidirectional,bidirectional,bidirectional,bidirectional,convM,convM,convM,convM,convM,bidirectional,bidirectional,bidirectional,bidirectional,bidirectional,mlp,mlp,mlp,mlp,mlp,bidirectional,bidirectional,bidirectional,bidirectional,bidirectional,mlp,mlp,mlp,mlp,mlp,bidirectional,bidirectional,bidirectional,bidirectional,bidirectional,mlp,mlp,mlp,mlp,mlp,transformer,transformer,transformer,transformer,transformer,transformer,transformer,transformer,transformer,transformer,convM,convM,convM,convM,convM,transformer,transformer,transformer,transformer,transformer,transformer,transformer,convM,convM,convM,convM,convM,transformer,transformer,transformer,transformer,transformer,unidirectional,unidirectional,unidirectional,unidirectional,unidirectional,bidirectional,bidirectional,bidirectional,bidirectional,bidirectional,bidirectional,bidirectional,bidirectional,bidirectional,bidirectional,bidirectional,bidirectional,bidirectional,bidirectional,bidirectional,bidirectional,bidirectional,bidirectional,bidirectional,bidirectional,transformer,transformer,transformer,transformer,transformer,unidirectional,unidirectional,unidirectional,unidirectional,unidirectional,convM,convM,convM,convM,convM,bidirectional,bidirectional,bidirectional,bidirectional,bidirectional,mlp,mlp,mlp,mlp,mlp,unidirectional,unidirectional,unidirectional,unidirectional,unidirectional,transformer,transformer,transformer,transformer,transformer,unidirectional,unidirectional,unidirectional,unidirectional,unidirectional,unidirectional,unidirectional,unidirectional,unidirectional,unidirectional
model.corr_regularization,False,False,False,False,False,False,False,False,False,False,False,False,False,False,False,False,False,False,False,False,False,False,False,False,False,False,False,False,False,False,True,True,True,True,True,False,False,False,False,False,False,False,False,False,False,False,False,False,False,False,False,False,False,False,False,False,False,False,False,False,True,True,True,True,True,False,False,False,False,False,False,False,False,False,False,False,False,False,False,False,False,False,False,False,False,False,False,False,False,False,False,False,False,False,False,False,False,False,False,False,False,False,False,False,False,False,False,False,False,False,False,False,False,False,False,False,False,False,False,False,False,False,False,False,False,False,False,False,False,False,False,False,False,False,False,False,False,False,False,False,False,False,True,True,True,True,True,True,True,True,True,True,False,False,False,False,False,False,False,False,False,False,False,False,False,False,False,False,False,False,False,False,False,False,False,False,False,False,False,False,False,False
corr_input,True,True,True,True,True,True,True,True,True,True,True,True,True,True,True,True,True,True,True,True,True,True,True,True,True,True,True,True,True,True,True,True,True,True,True,True,True,True,True,True,True,True,True,True,True,True,True,True,True,True,True,True,True,True,True,True,True,True,True,True,True,True,True,True,True,True,True,True,True,True,True,True,True,True,True,True,True,True,True,True,True,True,True,True,True,True,True,True,True,True,True,True,True,True,True,True,True,True,True,True,True,True,True,True,True,True,True,True,True,True,True,True,True,True,True,True,True,True,True,True,True,True,True,True,True,True,True,True,True,True,True,True,True,True,True,True,True,True,True,True,True,True,True,True,True,True,True,True,True,True,True,True,True,True,True,True,True,True,True,True,True,True,True,True,True,True,True,True,True,True,True,True,True,True,True,True,True,True,True,True,True,True
regression_head,False,False,False,False,False,False,False,False,False,False,False,False,False,False,False,False,False,False,False,False,False,False,False,False,False,False,False,False,False,False,False,False,False,False,False,False,False,False,False,False,False,False,False,False,False,False,False,False,False,False,False,False,False,False,False,False,False,False,False,False,False,False,False,False,False,False,False,False,False,False,False,False,False,False,False,False,False,False,False,False,False,False,False,False,False,False,False,False,False,False,False,False,False,False,False,False,False,False,False,False,False,False,False,False,False,False,False,False,False,False,False,False,False,False,False,False,False,False,False,False,False,False,False,False,False,False,False,False,False,False,False,False,False,False,False,False,False,False,False,False,False,False,False,False,False,False,False,False,False,False,False,False,False,False,False,False,False,False,False,False,False,False,False,False,False,False,False,False,False,False,False,False,False,False,False,False,False,False,False,False,False,False
data.ds_name,big_base_mirror,big_base_mirror,big_base_mirror,big_base_mirror,big_base_mirror,scale_up_2,scale_up_2,scale_up_2,scale_up_2,scale_up_2,scale_up_2,scale_up_2,scale_up_2,scale_up_2,scale_up_2,scale_up,scale_up,scale_up,scale_up,scale_up,scale_up,scale_up,scale_up,scale_up,scale_up,scale_up,scale_up,scale_up,scale_up,scale_up,big_base_mirror,big_base_mirror,big_base_mirror,big_base_mirror,big_base_mirror,scale_up_2,scale_up_2,scale_up_2,scale_up_2,scale_up_2,scale_up_2,scale_up_2,scale_up_2,scale_up_2,scale_up_2,big_base_mirror,big_base_mirror,big_base_mirror,big_base_mirror,big_base_mirror,big_base_mirror,big_base_mirror,big_base_mirror,big_base_mirror,big_base_mirror,big_base_mirror,big_base_mirror,big_base_mirror,big_base_mirror,big_base_mirror,scale_up_2,scale_up_2,scale_up_2,scale_up_2,scale_up_2,scale_up_2,scale_up_2,scale_up_2,scale_up_2,scale_up_2,big_base_mirror,big_base_mirror,big_base_mirror,big_base_mirror,big_base_mirror,big_base_mirror,big_base_mirror,big_base_mirror,big_base_mirror,big_base_mirror,scale_up,scale_up,scale_up,scale_up,scale_up,big_base_mirror,big_base_mirror,big_base_mirror,big_base_mirror,big_base_mirror,scale_up_3,scale_up_3,scale_up_3,scale_up_3,scale_up_3,scale_up_2,scale_up_2,scale_up_2,scale_up_2,scale_up_2,scale_up_3,scale_up_3,big_base_mirror,big_base_mirror,big_base_mirror,big_base_mirror,big_base_mirror,big_base_mirror,big_base_mirror,big_base_mirror,big_base_mirror,big_base_mirror,scale_up,scale_up,scale_up,scale_up,scale_up,big_base_mirror,big_base_mirror,big_base_mirror,big_base_mirror,big_base_mirror,scale_up_2,scale_up_2,scale_up_2,scale_up_2,scale_up_2,scale_up,scale_up,scale_up,scale_up,scale_up,scale_up,scale_up,scale_up,scale_up,scale_up,big_base_mirror,big_base_mirror,big_base_mirror,big_base_mirror,big_base_mirror,big_base_mirror,big_base_mirror,big_base_mirror,big_base_mirror,big_base_mirror,scale_up_2,scale_up_2,scale_up_2,scale_up_2,scale_up_2,scale_up_3,scale_up_3,scale_up_3,scale_up_3,scale_up_3,scale_up,scale_up,scale_up,scale_up,scale_up,scale_up_2,scale_up_2,scale_up_2,scale_up_2,scale_up_2,scale_up,scale_up,scale_up,scale_up,scale_up,big_base_mirror,big_base_mirror,big_base_mirror,big_base_mirror,big_base_mirror,scale_up_3,scale_up_3,scale_up_3,scale_up_3,scale_up_3
max_lags,3,3,3,3,3,3,3,3,3,3,3,3,3,3,3,3,3,3,3,3,3,3,3,3,3,3,3,3,3,3,3,3,3,3,3,3,3,3,3,3,3,3,3,3,3,3,3,3,3,3,3,3,3,3,3,3,3,3,3,3,3,3,3,3,3,3,3,3,3,3,3,3,3,3,3,3,3,3,3,3,3,3,3,3,3,3,3,3,3,3,3,3,3,3,3,3,3,3,3,3,3,3,3,3,3,3,3,3,3,3,3,3,3,3,3,3,3,3,3,3,3,3,3,3,3,3,3,3,3,3,3,3,3,3,3,3,3,3,3,3,3,3,3,3,3,3,3,3,3,3,3,3,3,3,3,3,3,3,3,3,3,3,3,3,3,3,3,3,3,3,3,3,3,3,3,3,3,3,3,3,3,3
n_vars,5,5,5,5,5,7,7,7,7,7,7,7,7,7,7,10,10,10,10,10,10,10,10,10,10,10,10,10,10,10,5,5,5,5,5,7,7,7,7,7,7,7,7,7,7,5,5,5,5,5,5,5,5,5,5,5,5,5,5,5,7,7,7,7,7,7,7,7,7,7,5,5,5,5,5,5,5,5,5,5,10,10,10,10,10,5,5,5,5,5,15,15,15,15,15,7,7,7,7,7,15,15,5,5,5,5,5,5,5,5,5,5,10,10,10,10,10,5,5,5,5,5,7,7,7,7,7,10,10,10,10,10,10,10,10,10,10,5,5,5,5,5,5,5,5,5,5,7,7,7,7,7,15,15,15,15,15,10,10,10,10,10,7,7,7,7,7,10,10,10,10,10,5,5,5,5,5,15,15,15,15,15
model,small.yaml,small.yaml,small.yaml,small.yaml,small.yaml,big.yaml,big.yaml,big.yaml,big.yaml,big.yaml,medium.yaml,medium.yaml,medium.yaml,medium.yaml,medium.yaml,big.yaml,big.yaml,big.yaml,big.yaml,big.yaml,medium.yaml,medium.yaml,medium.yaml,medium.yaml,medium.yaml,big.yaml,big.yaml,big.yaml,big.yaml,big.yaml,medium.yaml,medium.yaml,medium.yaml,medium.yaml,medium.yaml,medium.yaml,medium.yaml,medium.yaml,medium.yaml,medium.yaml,medium.yaml,medium.yaml,medium.yaml,medium.yaml,medium.yaml,medium.yaml,medium.yaml,medium.yaml,medium.yaml,medium.yaml,big.yaml,big.yaml,big.yaml,big.yaml,big.yaml,medium.yaml,medium.yaml,medium.yaml,medium.yaml,medium.yaml,big.yaml,big.yaml,big.yaml,big.yaml,big.yaml,medium.yaml,medium.yaml,medium.yaml,medium.yaml,medium.yaml,small.yaml,small.yaml,small.yaml,small.yaml,small.yaml,small.yaml,small.yaml,small.yaml,small.yaml,small.yaml,medium.yaml,medium.yaml,medium.yaml,medium.yaml,medium.yaml,small.yaml,small.yaml,small.yaml,small.yaml,small.yaml,big.yaml,big.yaml,big.yaml,big.yaml,big.yaml,big.yaml,big.yaml,big.yaml,big.yaml,big.yaml,big.yaml,big.yaml,big.yaml,big.yaml,big.yaml,big.yaml,big.yaml,medium.yaml,medium.yaml,medium.yaml,medium.yaml,medium.yaml,medium.yaml,medium.yaml,medium.yaml,medium.yaml,medium.yaml,medium.yaml,medium.yaml,medium.yaml,medium.yaml,medium.yaml,small.yaml,small.yaml,small.yaml,small.yaml,small.yaml,big.yaml,big.yaml,big.yaml,big.yaml,big.yaml,medium.yaml,medium.yaml,medium.yaml,medium.yaml,medium.yaml,big.yaml,big.yaml,big.yaml,big.yaml,big.yaml,big.yaml,big.yaml,big.yaml,big.yaml,big.yaml,big.yaml,big.yaml,big.yaml,big.yaml,big.yaml,big.yaml,big.yaml,big.yaml,big.yaml,big.yaml,medium.yaml,medium.yaml,medium.yaml,medium.yaml,medium.yaml,small.yaml,small.yaml,small.yaml,small.yaml,small.yaml,big.yaml,big.yaml,big.yaml,big.yaml,big.yaml,small.yaml,small.yaml,small.yaml,small.yaml,small.yaml,big.yaml,big.yaml,big.yaml,big.yaml,big.yaml
Test1_Auroc,0.5226128,0.5088886,0.5144024,0.5027769,0.5048937,0.90855694,0.8893032,0.9201741,0.6742985,0.9097737,0.71698266,0.5031153,0.5019729,0.70267105,0.72095484,0.49774203,0.5008254,0.50259465,0.49872047,0.50236255,0.49791157,0.49993932,0.4973283,0.502801,0.50066817,0.4996038,0.50132746,0.50230014,0.49837187,0.5054594,0.5810778,0.5044249,0.95372206,0.50173867,0.79797465,0.5030557,0.50135934,0.5017625,0.5049518,0.5016863,0.5020288,0.7269181,0.6178347,0.61011744,0.50464666,0.505471,0.49961942,0.5067971,0.50643235,0.5149582,0.95965534,0.51070577,0.5198087,0.9559598,0.9585154,0.50470877,0.504057,0.4934646,0.4983858,0.49885905,0.6595104,0.50874877,0.5007228,0.8890412,0.8792593,0.49949872,0.5001134,0.50180376,0.4963875,0.50392735,0.67400575,0.5907094,0.63142586,0.653715,0.59578323,0.504082,0.4933864,0.49274504,0.50622016,0.5015529,0.49981734,0.50036615,0.5032095,0.49877036,0.5018668,0.5570148,0.55829006,0.6854896,0.4964729,0.54109496,0.5009711,0.49913248,0.5003325,0.49829358,0.50198454,0.50620675,0.5071171,0.5095066,0.8403952,0.7262998,0.49957427,0.503477,0.49484515,0.507952,0.5115351,0.50258607,0.50282615,0.86944187,0.507298,0.60416496,0.59985733,0.6450466,0.50111353,0.5008095,0.5014841,0.49961168,0.4985546,0.60833716,0.5115862,0.9427329,0.5032695,0.9426833,0.49824986,0.5061675,0.50178343,0.49995586,0.50383276,0.4953984,0.49813855,0.49585405,0.5004718,0.49764323,0.50024176,0.49946272,0.496305,0.5011261,0.49703228,0.98958945,0.96473193,0.63275784,0.9909843,0.5485024,0.9762302,0.9760592,0.9773993,0.9768941,0.93130994,0.50570875,0.50286424,0.504359,0.500303,0.5059966,0.50216436,0.50542045,0.5011625,0.5002835,0.5007977,0.5024019,0.5031011,0.5021868,0.5015584,0.5010771,0.5064254,0.50099623,0.49483424,0.50406015,0.49779826,0.4966852,0.5012969,0.4966721,0.49700502,0.50207675,0.6603423,0.6895856,0.6256846,0.6559049,0.6496954,0.5005221,0.49949744,0.49988037,0.4981466,0.49850708
Test1_MSE,0.082307614,0.082269676,0.082271524,0.08231586,0.08236103,0.05034545,0.053441484,0.047355648,0.079047,0.04934624,0.07390574,0.08125919,0.08137964,0.075531684,0.07358736,0.08302268,0.08303784,0.083144344,0.08299594,0.08298353,0.08247754,0.08257602,0.08266306,0.08248824,0.08247876,0.08234713,0.082360715,0.08232919,0.08243498,0.0823245,0.08181897,0.0831975,0.0358713,0.083177686,0.06576554,0.08133163,0.08128606,0.08132382,0.08134834,0.081298545,0.08134616,0.07472966,0.0818295,0.08319736,0.08138153,0.08299675,0.08259532,0.08258733,0.08248229,0.082695134,0.02609352,0.082858786,0.08269451,0.028980162,0.025935838,0.08291172,0.082970016,0.08320049,0.08294815,0.08298171,0.079285525,0.081896275,0.0818688,0.047677606,0.049382687,0.08155607,0.08161621,0.081584625,0.08163983,0.08152483,0.07549706,0.080825634,0.07868401,0.076292396,0.0807415,0.08249348,0.082608074,0.082618035,0.08248667,0.08253318,0.08272007,0.082682915,0.082991585,0.082790844,0.082936324,0.08121084,0.08100035,0.07259796,0.0827559,0.082077384,0.08343094,0.08291525,0.0830065,0.08281779,0.083044805,0.082499586,0.08247047,0.0824959,0.05802535,0.07122835,0.082702294,0.08273165,0.08327747,0.08304884,0.083172195,0.0832829,0.082901,0.05257648,0.0832338,0.07933156,0.0792547,0.079435,0.08234185,0.08235207,0.08235544,0.082343526,0.08237561,0.08142105,0.08269901,0.03635736,0.0828713,0.039788816,0.08105994,0.08099172,0.08099165,0.08105077,0.08098268,0.08296791,0.08298127,0.08293961,0.08299725,0.08293731,0.082456045,0.08244828,0.08243138,0.08243301,0.08244309,0.016035136,0.032652814,0.07642556,0.013976931,0.08160401,0.021202438,0.021985104,0.020984344,0.02092754,0.04522405,0.08197338,0.08224209,0.082317054,0.08315334,0.08201043,0.08275993,0.08275566,0.08284888,0.08279991,0.08282326,0.08270336,0.08275269,0.08275556,0.08272242,0.082742676,0.08098843,0.08100272,0.08102761,0.0809715,0.08100994,0.082513474,0.08270747,0.08266113,0.08263425,0.08275411,0.07650221,0.074366026,0.07856894,0.07694982,0.077839516,0.08245858,0.08233703,0.0823221,0.08238765,0.0823258
Test2_AUROC,0.5270305,0.50982356,0.5256098,0.50584865,0.51237404,0.92139673,0.9036628,0.93632996,0.6997135,0.92616105,0.74007857,0.50181943,0.50917065,0.7224728,0.74775076,0.5035273,0.50148106,0.5068434,0.50336814,0.5021383,0.4995978,0.50345767,0.50561506,0.50457466,0.50638247,0.4981442,0.5035466,0.50490475,0.50233924,0.50499636,0.61367697,0.50821483,0.97268564,0.5111376,0.82900846,0.5022528,0.50098336,0.5110824,0.50362486,0.5108436,0.5045329,0.7541951,0.64460146,0.62948793,0.49806172,0.52036947,0.50908387,0.5116972,0.50690544,0.5163539,0.9855279,0.5138421,0.5312425,0.97902644,0.98663414,0.50396377,0.4981974,0.5053172,0.5030497,0.50584334,0.68692875,0.51292956,0.50924915,0.9255464,0.9271668,0.50050235,0.50073934,0.5038244,0.4986034,0.49782285,0.7042458,0.61531305,0.66852385,0.6998699,0.62892765,0.49792153,0.50639886,0.5017841,0.4916509,0.50241446,0.5042472,0.49853203,0.4965535,0.5028713,0.5030104,0.57706726,0.57773066,0.716766,0.5061863,0.55890846,0.5054424,0.4995684,0.5018531,0.50489116,0.5012157,0.5107691,0.5191819,0.51814693,0.8503551,0.7335357,0.4987247,0.49659806,0.512047,0.51422584,0.5050624,0.50546014,0.50982285,0.9048318,0.5165025,0.6360265,0.6262318,0.6845379,0.50375986,0.502811,0.50276023,0.50529474,0.5005731,0.64376277,0.5052396,0.9682176,0.50819004,0.9639572,0.50090116,0.50624377,0.50555176,0.50330114,0.50326514,0.4988637,0.5052681,0.49896526,0.501974,0.5044249,0.5007906,0.5012579,0.5002098,0.50310993,0.5055956,0.9933352,0.9790734,0.65011764,0.99441797,0.5674331,0.9909496,0.9900453,0.99015677,0.9904376,0.95771646,0.51199645,0.51226836,0.5213717,0.50674266,0.5108943,0.49961013,0.5008341,0.5011938,0.50016654,0.49895346,0.5022269,0.5028198,0.49769977,0.5052925,0.50202715,0.5080569,0.50918543,0.5067535,0.50798583,0.5095756,0.499561,0.49762735,0.5013049,0.5040652,0.50257385,0.69748414,0.7321503,0.65170145,0.6714521,0.6688349,0.4994983,0.49562418,0.49948308,0.5002143,0.49906516
Test2_MSE,0.08112592,0.08110255,0.081070274,0.08116848,0.081128284,0.04363391,0.04739018,0.03943889,0.07721062,0.042238854,0.0714415,0.081328906,0.08131104,0.07390732,0.07056258,0.083226964,0.083351865,0.08349693,0.08318511,0.08336792,0.08286005,0.08296627,0.08299602,0.08281694,0.082795426,0.08270214,0.0826689,0.082657576,0.082816705,0.08265691,0.079552926,0.08192413,0.02683391,0.081866644,0.061347533,0.081445076,0.08137566,0.081239745,0.08142038,0.08123675,0.08131259,0.07030746,0.079831645,0.08082717,0.08144284,0.08152473,0.08132584,0.08142258,0.08133736,0.081466615,0.01573471,0.08162833,0.08141422,0.019180305,0.014095583,0.081716925,0.081911005,0.08180667,0.08173159,0.08178046,0.07743921,0.08187553,0.08179769,0.03976439,0.04042233,0.0815467,0.08164262,0.0815571,0.0816086,0.08155514,0.071228676,0.07853964,0.07557024,0.07186275,0.07835257,0.081362344,0.08129238,0.0813425,0.081425704,0.081366494,0.082784206,0.08288647,0.08289988,0.08289895,0.08282623,0.07923718,0.07892008,0.068807505,0.08147191,0.08017918,0.08205937,0.081619896,0.08141193,0.08142131,0.08194493,0.082899794,0.082698755,0.08270778,0.056770183,0.0701959,0.08136113,0.081317075,0.0819016,0.08200806,0.08226458,0.08221457,0.08174375,0.043592766,0.08181907,0.0758761,0.07616042,0.07393874,0.08268574,0.082685485,0.0827062,0.08266556,0.082710914,0.07843264,0.0816743,0.025628736,0.081681,0.029344657,0.08108877,0.081042476,0.08102559,0.08107516,0.081028104,0.08325315,0.08316081,0.08318362,0.08326927,0.08314213,0.082811475,0.082766786,0.082766175,0.08275951,0.08272475,0.010902372,0.026441295,0.074004814,0.008945872,0.07982772,0.013179507,0.012855611,0.013362534,0.012531914,0.03959076,0.08200897,0.08213769,0.082102835,0.08323952,0.081984386,0.08157349,0.08154292,0.081628636,0.08158526,0.08160982,0.08301822,0.08305077,0.083098345,0.0830086,0.08300286,0.08105494,0.08098142,0.08101173,0.08100728,0.08101441,0.082700804,0.082764,0.082799815,0.082669936,0.08264911,0.07233587,0.0700371,0.075810894,0.07441354,0.07510707,0.08123203,0.08116574,0.08110852,0.08122768,0.081094176
