HP,27,78,17,89,68,5,66,12,64,83,58,23,107,113,40,1,21,50,42,45,48,53,97,62,70,32,93,13,8,28,18,96,19,22,54,29,10,114,26,101,88,95,30,61,106,81,47,80,38,87,14,9,111,59,43,103,69,33,99,112,67,98,75,31,115,118,86,77,65,119,3,49,25,6,117,79,16,82,34,7,4,24,73,46,44,109,105,15,11,74,72,110,52,35,85,2,108,91,116,94,55,41,84,0,20,71,92,56,57,60,36,76,37,90,39,100,102,63,104
model.optimizer_lr,0.001,0.0001,0.0001,0.0001,0.001,0.001,0.001,0.0001,0.0001,0.001,0.0001,0.0001,0.001,0.001,0.0001,0.001,0.001,0.001,0.0001,0.0001,0.0001,0.0001,0.001,0.001,0.0001,0.001,0.0001,0.0001,0.0001,0.001,0.0001,0.0001,0.0001,0.001,0.0001,0.001,0.001,0.0001,0.0001,0.0001,0.0001,0.0001,0.0001,0.001,0.001,0.0001,0.001,0.0001,0.0001,0.001,0.001,0.0001,0.001,0.0001,0.0001,0.001,0.0001,0.001,0.001,0.0001,0.001,0.001,0.0001,0.0001,0.001,0.0001,0.001,0.0001,0.001,0.0001,0.0001,0.0001,0.001,0.0001,0.001,0.001,0.001,0.001,0.001,0.001,0.001,0.001,0.0001,0.001,0.0001,0.001,0.0001,0.0001,0.0001,0.001,0.0001,0.001,0.001,0.001,0.001,0.001,0.001,0.0001,0.001,0.001,0.001,0.001,0.0001,0.0001,0.0001,0.0001,0.0001,0.001,0.0001,0.0001,0.0001,0.001,0.0001,0.001,0.001,0.0001,0.0001,0.001,0.001
data.batch_size,256,64,64,256,256,64,16,64,16,64,256,16,64,16,64,256,64,16,64,256,64,16,16,64,256,16,64,256,64,256,16,64,256,256,64,16,64,64,16,16,16,64,256,256,256,16,64,256,64,16,16,64,64,256,64,256,256,256,256,64,256,256,256,256,256,16,16,256,64,256,256,256,16,256,64,16,256,16,16,256,64,16,16,64,16,256,256,256,16,64,16,16,64,64,16,256,64,16,64,64,64,16,64,16,16,16,64,16,256,64,16,16,64,256,16,16,16,64,256
model.weight_decay,0.01,0,0,0.01,0,0.01,0,0.01,0.01,0,0,0.01,0.01,0.01,0,0,0,0.01,0.01,0.01,0,0,0,0,0.01,0,0,0,0.01,0.01,0.01,0,0.01,0.01,0.01,0.01,0.01,0.01,0,0.01,0,0.01,0,0,0.01,0.01,0.01,0,0.01,0.01,0.01,0,0.01,0,0.01,0.01,0,0,0.01,0,0.01,0.01,0.01,0,0,0,0,0.01,0.01,0.01,0.01,0,0.01,0.01,0.01,0,0,0.01,0,0.01,0.01,0.01,0,0,0,0,0.01,0,0.01,0,0,0.01,0,0,0,0,0,0.01,0.01,0.01,0,0,0.01,0.01,0.01,0,0.01,0,0,0,0,0.01,0,0.01,0,0.01,0,0,0
model.model_type,transformer,unidirectional,mlp,unidirectional,convM,bidirectional,unidirectional,unidirectional,bidirectional,unidirectional,mlp,convM,unidirectional,bidirectional,transformer,bidirectional,mlp,bidirectional,convM,convM,unidirectional,convM,bidirectional,convM,mlp,convM,bidirectional,transformer,transformer,convM,unidirectional,transformer,unidirectional,transformer,bidirectional,transformer,mlp,transformer,mlp,mlp,bidirectional,unidirectional,transformer,mlp,unidirectional,transformer,bidirectional,unidirectional,mlp,mlp,convM,convM,transformer,convM,mlp,convM,bidirectional,convM,mlp,bidirectional,mlp,unidirectional,bidirectional,convM,bidirectional,transformer,transformer,mlp,convM,transformer,transformer,unidirectional,mlp,bidirectional,transformer,convM,mlp,unidirectional,mlp,bidirectional,unidirectional,convM,convM,transformer,transformer,unidirectional,convM,mlp,bidirectional,unidirectional,unidirectional,unidirectional,transformer,mlp,transformer,transformer,bidirectional,transformer,convM,mlp,convM,mlp,convM,mlp,unidirectional,unidirectional,bidirectional,unidirectional,bidirectional,mlp,mlp,transformer,convM,bidirectional,bidirectional,convM,bidirectional,bidirectional,unidirectional
model.corr_regularization,False,True,False,True,True,False,False,True,False,False,True,False,False,False,False,True,True,True,False,True,False,True,True,False,True,False,False,True,False,True,True,True,False,True,False,True,False,True,True,True,False,False,False,True,True,False,True,True,True,True,True,True,False,True,False,False,False,False,False,True,True,False,False,False,False,False,True,False,True,False,True,False,False,True,True,True,False,True,True,True,True,False,False,False,True,True,False,False,True,True,False,False,True,False,False,True,False,True,False,True,True,False,True,False,False,True,True,True,True,True,False,False,False,False,False,True,True,True,False
corr_input,True,True,True,True,True,True,True,True,True,True,True,True,True,True,True,True,True,True,True,True,True,True,True,True,True,True,True,True,True,True,True,True,True,True,True,True,True,True,True,True,True,True,True,True,True,True,True,True,True,True,True,True,True,True,True,True,True,True,True,True,True,True,True,True,True,True,True,True,True,True,True,True,True,True,True,True,True,True,True,True,True,True,True,True,True,True,True,True,True,True,True,True,True,True,True,True,True,True,True,True,True,True,True,True,True,True,True,True,True,True,True,True,True,True,True,True,True,True,True
regression_head,False,False,False,False,False,False,False,False,False,False,False,False,False,False,False,False,False,False,False,False,False,False,False,False,False,False,False,False,False,False,False,False,False,False,False,False,False,False,False,False,False,False,False,False,False,False,False,False,False,False,False,False,False,False,False,False,False,False,False,False,False,False,False,False,False,False,False,False,False,False,False,False,False,False,False,False,False,False,False,False,False,False,False,False,False,False,False,False,False,False,False,False,False,False,False,False,False,False,False,False,False,False,False,False,False,False,False,False,False,False,False,False,False,False,False,False,False,False,False
hparams_search,slurm_exp2.yaml,slurm_exp2.yaml,slurm_exp2.yaml,slurm_exp2.yaml,slurm_exp2.yaml,slurm_exp2.yaml,slurm_exp2.yaml,slurm_exp2.yaml,slurm_exp2.yaml,slurm_exp2.yaml,slurm_exp2.yaml,slurm_exp2.yaml,slurm_exp2.yaml,slurm_exp2.yaml,slurm_exp2.yaml,slurm_exp2.yaml,slurm_exp2.yaml,slurm_exp2.yaml,slurm_exp2.yaml,slurm_exp2.yaml,slurm_exp2.yaml,slurm_exp2.yaml,slurm_exp2.yaml,slurm_exp2.yaml,slurm_exp2.yaml,slurm_exp2.yaml,slurm_exp2.yaml,slurm_exp2.yaml,slurm_exp2.yaml,slurm_exp2.yaml,slurm_exp2.yaml,slurm_exp2.yaml,slurm_exp2.yaml,slurm_exp2.yaml,slurm_exp2.yaml,slurm_exp2.yaml,slurm_exp2.yaml,slurm_exp2.yaml,slurm_exp2.yaml,slurm_exp2.yaml,slurm_exp2.yaml,slurm_exp2.yaml,slurm_exp2.yaml,slurm_exp2.yaml,slurm_exp2.yaml,slurm_exp2.yaml,slurm_exp2.yaml,slurm_exp2.yaml,slurm_exp2.yaml,slurm_exp2.yaml,slurm_exp2.yaml,slurm_exp2.yaml,slurm_exp2.yaml,slurm_exp2.yaml,slurm_exp2.yaml,slurm_exp2.yaml,slurm_exp2.yaml,slurm_exp2.yaml,slurm_exp2.yaml,slurm_exp2.yaml,slurm_exp2.yaml,slurm_exp2.yaml,slurm_exp2.yaml,slurm_exp2.yaml,slurm_exp2.yaml,slurm_exp2.yaml,slurm_exp2.yaml,slurm_exp2.yaml,slurm_exp2.yaml,slurm_exp2.yaml,slurm_exp2.yaml,slurm_exp2.yaml,slurm_exp2.yaml,slurm_exp2.yaml,slurm_exp2.yaml,slurm_exp2.yaml,slurm_exp2.yaml,slurm_exp2.yaml,slurm_exp2.yaml,slurm_exp2.yaml,slurm_exp2.yaml,slurm_exp2.yaml,slurm_exp2.yaml,slurm_exp2.yaml,slurm_exp2.yaml,slurm_exp2.yaml,slurm_exp2.yaml,slurm_exp2.yaml,slurm_exp2.yaml,slurm_exp2.yaml,slurm_exp2.yaml,slurm_exp2.yaml,slurm_exp2.yaml,slurm_exp2.yaml,slurm_exp2.yaml,slurm_exp2.yaml,slurm_exp2.yaml,slurm_exp2.yaml,slurm_exp2.yaml,slurm_exp2.yaml,slurm_exp2.yaml,slurm_exp2.yaml,slurm_exp2.yaml,slurm_exp2.yaml,slurm_exp2.yaml,slurm_exp2.yaml,slurm_exp2.yaml,slurm_exp2.yaml,slurm_exp2.yaml,slurm_exp2.yaml,slurm_exp2.yaml,slurm_exp2.yaml,slurm_exp2.yaml,slurm_exp2.yaml,slurm_exp2.yaml,slurm_exp2.yaml,slurm_exp2.yaml,slurm_exp2.yaml,slurm_exp2.yaml
data.ds_name,scale_up_2,scale_up_2,scale_up_2,scale_up_2,scale_up_2,scale_up_2,scale_up_2,scale_up_2,scale_up_2,scale_up_2,scale_up_2,scale_up_2,scale_up_2,scale_up_2,scale_up_2,scale_up_2,scale_up_2,scale_up_2,scale_up_2,scale_up_2,scale_up_2,scale_up_2,scale_up_2,scale_up_2,scale_up_2,scale_up_2,scale_up_2,scale_up_2,scale_up_2,scale_up_2,scale_up_2,scale_up_2,scale_up_2,scale_up_2,scale_up_2,scale_up_2,scale_up_2,scale_up_2,scale_up_2,scale_up_2,scale_up_2,scale_up_2,scale_up_2,scale_up_2,scale_up_2,scale_up_2,scale_up_2,scale_up_2,scale_up_2,scale_up_2,scale_up_2,scale_up_2,scale_up_2,scale_up_2,scale_up_2,scale_up_2,scale_up_2,scale_up_2,scale_up_2,scale_up_2,scale_up_2,scale_up_2,scale_up_2,scale_up_2,scale_up_2,scale_up_2,scale_up_2,scale_up_2,scale_up_2,scale_up_2,scale_up_2,scale_up_2,scale_up_2,scale_up_2,scale_up_2,scale_up_2,scale_up_2,scale_up_2,scale_up_2,scale_up_2,scale_up_2,scale_up_2,scale_up_2,scale_up_2,scale_up_2,scale_up_2,scale_up_2,scale_up_2,scale_up_2,scale_up_2,scale_up_2,scale_up_2,scale_up_2,scale_up_2,scale_up_2,scale_up_2,scale_up_2,scale_up_2,scale_up_2,scale_up_2,scale_up_2,scale_up_2,scale_up_2,scale_up_2,scale_up_2,scale_up_2,scale_up_2,scale_up_2,scale_up_2,scale_up_2,scale_up_2,scale_up_2,scale_up_2,scale_up_2,scale_up_2,scale_up_2,scale_up_2,scale_up_2,scale_up_2
max_lags,3,3,3,3,3,3,3,3,3,3,3,3,3,3,3,3,3,3,3,3,3,3,3,3,3,3,3,3,3,3,3,3,3,3,3,3,3,3,3,3,3,3,3,3,3,3,3,3,3,3,3,3,3,3,3,3,3,3,3,3,3,3,3,3,3,3,3,3,3,3,3,3,3,3,3,3,3,3,3,3,3,3,3,3,3,3,3,3,3,3,3,3,3,3,3,3,3,3,3,3,3,3,3,3,3,3,3,3,3,3,3,3,3,3,3,3,3,3,3
n_vars,7,7,7,7,7,7,7,7,7,7,7,7,7,7,7,7,7,7,7,7,7,7,7,7,7,7,7,7,7,7,7,7,7,7,7,7,7,7,7,7,7,7,7,7,7,7,7,7,7,7,7,7,7,7,7,7,7,7,7,7,7,7,7,7,7,7,7,7,7,7,7,7,7,7,7,7,7,7,7,7,7,7,7,7,7,7,7,7,7,7,7,7,7,7,7,7,7,7,7,7,7,7,7,7,7,7,7,7,7,7,7,7,7,7,7,7,7,7,7
model,small.yaml,small.yaml,small.yaml,small.yaml,small.yaml,small.yaml,small.yaml,small.yaml,small.yaml,small.yaml,small.yaml,small.yaml,small.yaml,small.yaml,small.yaml,small.yaml,small.yaml,small.yaml,small.yaml,small.yaml,small.yaml,small.yaml,small.yaml,small.yaml,small.yaml,small.yaml,small.yaml,small.yaml,small.yaml,small.yaml,small.yaml,small.yaml,small.yaml,small.yaml,small.yaml,small.yaml,small.yaml,small.yaml,small.yaml,small.yaml,small.yaml,small.yaml,small.yaml,small.yaml,small.yaml,small.yaml,small.yaml,small.yaml,small.yaml,small.yaml,small.yaml,small.yaml,small.yaml,small.yaml,small.yaml,small.yaml,small.yaml,small.yaml,small.yaml,small.yaml,small.yaml,small.yaml,small.yaml,small.yaml,small.yaml,small.yaml,small.yaml,small.yaml,small.yaml,small.yaml,small.yaml,small.yaml,small.yaml,small.yaml,small.yaml,small.yaml,small.yaml,small.yaml,small.yaml,small.yaml,small.yaml,small.yaml,small.yaml,small.yaml,small.yaml,small.yaml,small.yaml,small.yaml,small.yaml,small.yaml,small.yaml,small.yaml,small.yaml,small.yaml,small.yaml,small.yaml,small.yaml,small.yaml,small.yaml,small.yaml,small.yaml,small.yaml,small.yaml,small.yaml,small.yaml,small.yaml,small.yaml,small.yaml,small.yaml,small.yaml,small.yaml,small.yaml,small.yaml,small.yaml,small.yaml,small.yaml,small.yaml,small.yaml,small.yaml
Val_Auroc,0.50377274,0.505005,0.49963707,0.5084571,0.49825776,0.5001266,0.510431,0.50558794,0.5004467,0.51123446,0.4989775,0.50217175,0.5042896,0.5018369,0.49835894,0.50432,0.49836087,0.4975916,0.5016148,0.49969518,0.5042585,0.5028639,0.49567226,0.5077898,0.50628734,0.51033634,0.50257194,0.50436145,0.50297135,0.49987698,0.50296503,0.5061126,0.50319874,0.49798048,0.50076926,0.5082672,0.50096047,0.5000945,0.5016482,0.50230384,0.5005108,0.5066789,0.49964315,0.5093561,0.50164217,0.49657902,0.49999875,0.5071491,0.500769,0.49994665,0.5091425,0.50398743,0.50313205,0.50088793,0.5027807,0.5033208,0.5038955,0.5033888,0.5043391,0.5018104,0.50198346,0.4996864,0.5021503,0.49697626,0.50298893,0.503222,0.5005837,0.49965125,0.5030432,0.50324684,0.502776,0.5062158,0.49950683,0.5047705,0.50317764,0.5056032,0.5051829,0.5082265,0.50069153,0.50718457,0.50880766,0.5091281,0.5029581,0.5027566,0.4994735,0.5065348,0.49146688,0.5041977,0.49925578,0.5075408,0.50715363,0.50344735,0.5074457,0.50595665,0.50653106,0.49581158,0.5029579,0.49734628,0.50823474,0.504212,0.50167465,0.5005919,0.5032382,0.50571334,0.5072148,0.5015222,0.49972358,0.5113871,0.50416225,0.5045858,0.5048637,0.50197613,0.5024067,0.49897143,0.49835664,0.5049894,0.50532925,0.50497097,0.50397456
Val_MSE,0.08366721,0.08361256,0.083718166,0.08336018,0.08393505,0.08310579,0.08300643,0.08360178,0.083031595,0.082996845,0.08401604,0.08304669,0.0830264,0.08310416,0.08353392,0.08377169,0.08392046,0.083900824,0.08363239,0.08398083,0.08302967,0.083705,0.08387074,0.083024316,0.08390707,0.08297045,0.08309876,0.08423569,0.08350269,0.08389675,0.0838389,0.084123924,0.08335541,0.08421858,0.08309534,0.08404485,0.08339785,0.08414706,0.0839306,0.083924815,0.08303163,0.0830185,0.08425482,0.08389171,0.0835513,0.08340863,0.08385297,0.08338644,0.083943106,0.08392762,0.0837778,0.083745845,0.08372263,0.08398451,0.083596036,0.08361004,0.083411686,0.08357053,0.08407596,0.083652124,0.08389822,0.08318414,0.08342678,0.08542813,0.08313624,0.08333083,0.08413576,0.08503664,0.08374642,0.08405413,0.08407604,0.083318636,0.08318685,0.08340371,0.084123366,0.08380308,0.08406589,0.08380844,0.08388164,0.08374268,0.083806284,0.08297293,0.0830449,0.08365798,0.08408729,0.0838212,0.085547514,0.08478525,0.08386013,0.08373282,0.082996465,0.08304584,0.084074564,0.083361335,0.08344807,0.084260404,0.08308713,0.0840959,0.08302098,0.083830886,0.08376004,0.08318195,0.083759315,0.08318281,0.08299507,0.08384867,0.08363776,0.08383494,0.0834301,0.08389403,0.08321906,0.08349762,0.083736174,0.08320392,0.08309602,0.08368799,0.0838381,0.08384475,0.08310268
