HP,161,332,166,27,205,351,203,78,418,232,268,449,405,131,279,142,378,261,477,181,474,391,343,334,17,145,251,330,262,89,169,68,5,127,448,327,349,66,12,64,410,446,259,403,452,366,215,433,83,237,453,152,382,341,303,466,58,191,211,23,107,213,307,282,113,40,1,344,21,439,50,168,429,195,136,398,140,42,363,153,455,45,48,379,443,276,361,120,250,291,51,53,97,182,368,201,339,143,214,62,70,478,400,32,402,93,13,144,8,247,413,151,326,28,467,280,139,18,149,458,129,238,96,423,207,353,300,19,315,22,164,427,242,138,442,374,54,463,29,10,444,395,157,114,421,125,424,373,223,278,150,26,174,101,454,365,241,271,88,95,246,425,359,30,61,355,434,255,172,313,249,189,106,431,468,312,387,464,310,407,209,376,352,81,465,225,295,393,47,240,335,210,412,180,263,80,380,236,38,148,289,408,347,87,14,9,469,158,177,228,132,239,323,377,320,176,111,59,121,417,357,193,171,234,252,43,430,103,198,69,173,33,99,216,167,124,112,321,322,67,409,137,208,135,457,98,254,345,221,163,283,479,224,245,269,304,337,290,75,311,31,447,381,456,342,115,118,222,436,414,441,404,248,286,86,77,65,119,360,390,293,350,206,3,194,134,190,416,298,281,49,25,126,200,422,192,6,188,375,294,117,316,324,392,141,461,229,288,79,202,450,394,346,16,82,34,199,196,256,7,156,426,4,319,325,367,415,354,130,473,146,257,385,24,265,159,244,73,348,437,274,384,371,46,187,476,44,309,472,333,451,109,287,270,260,419,179,185,372,301,356,230,219,105,411,440,297,306,273,217,445,358,318,15,243,397,364,331,11,227,296,74,399,72,266,110,162,284,52,35,204,462,277,432,231,165,471,329,186,85,160,128,2,170,108,406,91,220,226,369,299,470,420,388,116,401,184,460,386,233,383,94,285,308,55,428,183,41,212,275,389,84,175,338,0,20,155,340,197,253,336,258,438,292,305,71,218,328,154,435,92,56,475,317,370,362,267,133,57,60,122,235,36,76,272,37,90,264,39,302,100,102,63,396,314,104,123,459,178,147
model.optimizer_lr,0.001,0.0001,0.0001,0.0001,0.0001,0.001,0.001,0.0001,0.0001,0.0001,0.0001,0.001,0.0001,0.0001,0.0001,0.001,0.0001,0.0001,0.0001,0.001,0.001,0.001,0.0001,0.001,0.0001,0.001,0.001,0.001,0.0001,0.001,0.001,0.0001,0.0001,0.001,0.001,0.0001,0.001,0.001,0.0001,0.0001,0.0001,0.0001,0.001,0.0001,0.001,0.001,0.001,0.001,0.001,0.0001,0.001,0.0001,0.001,0.0001,0.0001,0.0001,0.001,0.0001,0.001,0.001,0.001,0.001,0.0001,0.0001,0.001,0.0001,0.001,0.001,0.001,0.0001,0.0001,0.0001,0.0001,0.001,0.0001,0.001,0.0001,0.0001,0.001,0.001,0.0001,0.0001,0.0001,0.0001,0.001,0.0001,0.001,0.001,0.001,0.0001,0.001,0.001,0.0001,0.0001,0.0001,0.0001,0.0001,0.0001,0.001,0.001,0.0001,0.001,0.001,0.0001,0.001,0.001,0.0001,0.0001,0.0001,0.0001,0.0001,0.0001,0.001,0.0001,0.001,0.001,0.0001,0.001,0.0001,0.001,0.001,0.0001,0.0001,0.0001,0.001,0.001,0.001,0.001,0.001,0.001,0.0001,0.0001,0.001,0.001,0.001,0.001,0.0001,0.0001,0.001,0.0001,0.001,0.001,0.0001,0.001,0.0001,0.001,0.001,0.0001,0.0001,0.001,0.001,0.0001,0.0001,0.001,0.001,0.0001,0.0001,0.0001,0.001,0.0001,0.0001,0.001,0.0001,0.001,0.001,0.0001,0.001,0.001,0.001,0.0001,0.0001,0.0001,0.001,0.0001,0.0001,0.001,0.001,0.001,0.0001,0.0001,0.0001,0.001,0.001,0.0001,0.001,0.001,0.0001,0.0001,0.001,0.001,0.0001,0.0001,0.0001,0.001,0.0001,0.001,0.001,0.0001,0.001,0.001,0.001,0.0001,0.001,0.0001,0.001,0.0001,0.0001,0.001,0.001,0.001,0.0001,0.0001,0.001,0.0001,0.001,0.0001,0.0001,0.001,0.0001,0.001,0.001,0.001,0.001,0.0001,0.001,0.001,0.0001,0.0001,0.0001,0.0001,0.001,0.0001,0.001,0.0001,0.001,0.0001,0.001,0.0001,0.001,0.001,0.001,0.0001,0.0001,0.001,0.0001,0.0001,0.0001,0.0001,0.0001,0.0001,0.0001,0.0001,0.001,0.001,0.0001,0.001,0.0001,0.0001,0.001,0.001,0.0001,0.0001,0.001,0.0001,0.001,0.0001,0.001,0.0001,0.0001,0.001,0.001,0.001,0.001,0.001,0.0001,0.0001,0.0001,0.0001,0.001,0.001,0.0001,0.001,0.0001,0.0001,0.001,0.001,0.001,0.0001,0.0001,0.0001,0.0001,0.0001,0.0001,0.001,0.001,0.001,0.0001,0.001,0.0001,0.0001,0.0001,0.0001,0.0001,0.0001,0.001,0.001,0.001,0.0001,0.0001,0.001,0.001,0.0001,0.0001,0.0001,0.0001,0.001,0.0001,0.0001,0.001,0.001,0.0001,0.001,0.001,0.0001,0.0001,0.001,0.001,0.001,0.0001,0.001,0.001,0.0001,0.001,0.001,0.0001,0.0001,0.0001,0.0001,0.001,0.0001,0.0001,0.001,0.001,0.0001,0.001,0.001,0.001,0.001,0.001,0.001,0.001,0.0001,0.001,0.001,0.0001,0.0001,0.001,0.0001,0.0001,0.0001,0.0001,0.0001,0.001,0.001,0.0001,0.001,0.0001,0.0001,0.0001,0.001,0.0001,0.001,0.0001,0.001,0.0001,0.0001,0.001,0.0001,0.001,0.0001,0.001,0.0001,0.001,0.0001,0.0001,0.001,0.0001,0.0001,0.0001,0.001,0.0001,0.0001,0.0001,0.001,0.0001,0.001,0.001,0.001,0.001,0.0001,0.0001,0.001,0.001,0.0001,0.001,0.001,0.001,0.001,0.0001,0.001,0.0001,0.001,0.001,0.0001,0.001,0.0001,0.001,0.0001,0.001,0.001,0.001,0.001,0.0001,0.0001,0.001,0.0001,0.001,0.001,0.001,0.0001,0.001,0.0001,0.001,0.0001,0.0001,0.001,0.0001,0.001,0.001,0.001,0.001,0.0001,0.001,0.001,0.001,0.0001,0.001,0.001,0.0001,0.0001,0.0001,0.0001,0.001,0.001,0.001,0.0001,0.001,0.001,0.001,0.0001,0.0001,0.001,0.0001,0.001,0.0001,0.001,0.001,0.0001,0.001,0.001,0.001,0.0001,0.0001,0.001,0.0001,0.001,0.001,0.001,0.0001,0.0001
data.batch_size,64,16,16,16,256,64,256,16,256,64,64,64,16,64,64,256,16,64,64,16,64,16,16,64,64,256,64,16,16,16,16,64,256,64,64,16,64,64,64,64,256,64,256,256,16,16,16,64,256,64,16,64,16,16,16,256,256,256,256,256,256,64,64,256,64,256,64,16,256,16,16,64,16,64,256,64,64,256,256,64,16,256,64,16,64,64,256,256,64,64,16,16,16,256,256,256,16,64,64,16,16,64,64,64,16,16,16,16,256,64,16,256,16,64,256,64,64,256,64,256,256,256,16,16,16,256,16,64,16,64,16,64,256,256,64,16,256,16,64,64,256,256,16,16,64,256,256,16,64,16,16,256,256,64,16,64,256,16,256,16,256,256,16,256,256,256,64,256,64,16,64,16,16,256,16,64,16,64,16,256,64,256,256,256,64,16,256,256,16,64,64,64,64,16,256,256,16,256,256,64,64,64,256,256,256,256,16,256,64,16,16,256,16,64,256,256,256,16,64,256,64,16,64,256,64,256,16,256,64,256,256,256,16,256,16,256,64,16,64,64,256,64,16,64,16,64,256,256,64,256,16,64,256,16,64,256,16,256,256,16,16,16,256,64,16,16,64,256,64,64,256,64,16,256,64,256,16,256,256,64,16,16,256,64,16,16,64,16,64,256,16,16,256,16,64,16,256,64,256,256,256,16,64,64,256,256,256,16,16,16,64,256,64,16,64,256,16,16,64,64,64,64,256,64,64,16,256,16,256,16,64,64,256,64,64,16,256,256,16,16,16,64,16,256,256,16,64,256,16,64,64,256,16,256,256,16,256,64,256,16,16,256,16,256,256,16,64,64,16,16,64,256,64,16,16,64,16,256,64,256,16,16,64,64,256,64,16,16,256,16,256,64,16,16,256,64,16,256,256,64,64,256,256,16,64,64,64,16,16,16,16,16,256,16,64,256,16,16,64,256,16,256,64,16,64,64,64,256,16,64,64,64,256,256,64,16,64,16,16,64,256,64,256,256,64,64,64,16,64,256,16,64,256,16,16,64,256,16,16,256,16,256,256,64,16,64,256,16,64,256,16,256,256,16,64,64,256,256,256,16
model.weight_decay,0.01,0.01,0.01,0.01,0,0,0,0.01,0,0,0,0,0.01,0.01,0.01,0.01,0,0.01,0.01,0,0.01,0,0,0,0.01,0,0.01,0,0.01,0.01,0.01,0,0.01,0,0.01,0.01,0,0.01,0,0,0.01,0,0,0,0,0.01,0,0.01,0.01,0.01,0.01,0,0,0,0,0.01,0.01,0,0,0,0.01,0,0,0.01,0,0,0.01,0.01,0.01,0,0.01,0,0,0,0.01,0.01,0.01,0,0,0.01,0.01,0.01,0,0.01,0,0.01,0.01,0,0.01,0.01,0.01,0,0.01,0.01,0.01,0,0.01,0,0.01,0,0,0,0,0.01,0,0.01,0.01,0.01,0,0.01,0,0.01,0,0,0,0.01,0,0.01,0.01,0,0.01,0,0.01,0.01,0,0.01,0.01,0,0,0,0.01,0,0.01,0,0,0,0,0,0,0,0.01,0.01,0.01,0.01,0,0.01,0,0.01,0,0,0,0.01,0,0.01,0,0.01,0,0,0.01,0.01,0.01,0,0,0,0,0.01,0.01,0.01,0,0.01,0,0,0,0.01,0,0.01,0,0,0.01,0,0.01,0,0,0,0.01,0.01,0,0.01,0,0.01,0,0.01,0,0,0,0,0,0.01,0.01,0,0,0,0.01,0,0,0,0,0,0,0.01,0,0,0.01,0.01,0,0.01,0,0.01,0,0.01,0,0.01,0,0,0.01,0,0,0,0.01,0.01,0.01,0.01,0,0,0,0.01,0,0,0,0.01,0,0.01,0.01,0.01,0.01,0,0,0,0,0,0,0.01,0,0.01,0,0.01,0,0,0,0,0.01,0.01,0.01,0.01,0.01,0,0.01,0,0.01,0,0.01,0.01,0.01,0.01,0.01,0,0.01,0.01,0.01,0.01,0.01,0.01,0.01,0.01,0.01,0.01,0,0.01,0,0,0,0,0,0,0.01,0,0.01,0,0,0.01,0,0,0,0.01,0,0.01,0,0.01,0.01,0.01,0,0.01,0.01,0,0,0,0.01,0.01,0,0,0.01,0.01,0,0.01,0.01,0,0,0.01,0.01,0,0.01,0,0.01,0,0,0,0,0.01,0.01,0.01,0,0.01,0.01,0,0.01,0.01,0,0,0,0.01,0.01,0,0.01,0,0.01,0,0,0,0.01,0,0.01,0.01,0,0.01,0.01,0.01,0.01,0.01,0.01,0.01,0.01,0,0.01,0,0,0.01,0.01,0.01,0.01,0.01,0,0,0,0.01,0,0,0,0,0.01,0.01,0.01,0,0,0.01,0.01,0.01,0,0,0.01,0.01,0.01,0.01,0,0.01,0.01,0.01,0.01,0.01,0,0,0,0.01,0.01,0,0.01,0,0.01,0,0.01,0.01,0,0,0,0,0,0.01,0,0.01,0,0,0.01,0,0,0.01,0,0.01,0.01,0,0.01,0,0.01,0,0,0.01,0,0.01,0.01,0,0,0.01,0,0.01,0,0.01,0,0,0.01,0.01,0,0.01,0.01,0.01,0,0,0,0.01,0.01,0.01,0,0.01,0.01,0.01,0,0.01,0,0.01,0.01,0,0.01,0.01
model.model_type,transformer,mlp,unidirectional,mlp,convM,transformer,unidirectional,unidirectional,bidirectional,mlp,transformer,convM,transformer,unidirectional,unidirectional,unidirectional,bidirectional,unidirectional,mlp,convM,transformer,mlp,unidirectional,unidirectional,transformer,convM,bidirectional,bidirectional,convM,unidirectional,mlp,mlp,mlp,bidirectional,convM,bidirectional,transformer,unidirectional,transformer,convM,transformer,convM,unidirectional,transformer,convM,bidirectional,convM,unidirectional,unidirectional,transformer,transformer,bidirectional,bidirectional,convM,bidirectional,unidirectional,bidirectional,bidirectional,bidirectional,transformer,transformer,bidirectional,mlp,mlp,mlp,mlp,mlp,mlp,unidirectional,mlp,convM,unidirectional,mlp,mlp,convM,convM,mlp,transformer,bidirectional,unidirectional,convM,transformer,transformer,transformer,convM,mlp,unidirectional,mlp,bidirectional,convM,bidirectional,transformer,bidirectional,mlp,bidirectional,mlp,unidirectional,bidirectional,unidirectional,bidirectional,unidirectional,mlp,bidirectional,unidirectional,transformer,transformer,transformer,transformer,bidirectional,convM,convM,unidirectional,convM,mlp,unidirectional,mlp,transformer,unidirectional,transformer,bidirectional,bidirectional,mlp,unidirectional,unidirectional,convM,mlp,convM,transformer,mlp,mlp,mlp,bidirectional,convM,convM,convM,unidirectional,convM,mlp,unidirectional,mlp,bidirectional,bidirectional,bidirectional,unidirectional,convM,bidirectional,unidirectional,convM,bidirectional,transformer,mlp,convM,mlp,mlp,unidirectional,convM,transformer,convM,unidirectional,transformer,convM,mlp,mlp,transformer,transformer,transformer,convM,mlp,unidirectional,convM,convM,mlp,unidirectional,unidirectional,bidirectional,bidirectional,bidirectional,transformer,mlp,convM,convM,bidirectional,mlp,unidirectional,transformer,convM,unidirectional,unidirectional,unidirectional,unidirectional,unidirectional,transformer,convM,transformer,convM,bidirectional,transformer,bidirectional,mlp,unidirectional,unidirectional,bidirectional,unidirectional,unidirectional,transformer,convM,unidirectional,unidirectional,bidirectional,mlp,transformer,mlp,unidirectional,unidirectional,mlp,bidirectional,mlp,convM,convM,mlp,convM,unidirectional,convM,transformer,mlp,mlp,transformer,bidirectional,unidirectional,unidirectional,convM,transformer,convM,bidirectional,unidirectional,bidirectional,unidirectional,mlp,mlp,mlp,unidirectional,transformer,unidirectional,bidirectional,mlp,unidirectional,unidirectional,unidirectional,unidirectional,transformer,transformer,mlp,transformer,convM,transformer,transformer,bidirectional,mlp,bidirectional,mlp,bidirectional,transformer,mlp,bidirectional,transformer,unidirectional,transformer,transformer,bidirectional,bidirectional,transformer,bidirectional,mlp,transformer,convM,convM,bidirectional,unidirectional,convM,mlp,bidirectional,transformer,convM,unidirectional,bidirectional,convM,convM,mlp,bidirectional,convM,bidirectional,mlp,unidirectional,mlp,convM,mlp,unidirectional,mlp,mlp,convM,unidirectional,mlp,transformer,bidirectional,convM,unidirectional,mlp,transformer,bidirectional,mlp,transformer,convM,convM,convM,transformer,bidirectional,mlp,bidirectional,unidirectional,convM,bidirectional,unidirectional,convM,transformer,mlp,bidirectional,unidirectional,unidirectional,transformer,unidirectional,convM,bidirectional,convM,mlp,unidirectional,convM,bidirectional,convM,mlp,convM,transformer,unidirectional,convM,convM,transformer,convM,transformer,mlp,bidirectional,unidirectional,mlp,transformer,bidirectional,convM,transformer,transformer,convM,unidirectional,bidirectional,unidirectional,convM,transformer,transformer,convM,bidirectional,transformer,transformer,mlp,convM,transformer,mlp,convM,mlp,mlp,bidirectional,bidirectional,convM,convM,transformer,bidirectional,unidirectional,transformer,bidirectional,bidirectional,bidirectional,mlp,unidirectional,bidirectional,mlp,unidirectional,mlp,mlp,transformer,bidirectional,mlp,bidirectional,unidirectional,mlp,convM,transformer,bidirectional,mlp,transformer,mlp,convM,transformer,mlp,unidirectional,bidirectional,convM,convM,bidirectional,mlp,transformer,convM,bidirectional,mlp,convM,transformer,bidirectional,bidirectional,transformer,convM,unidirectional,unidirectional,bidirectional,bidirectional,transformer,bidirectional,bidirectional,convM,convM,unidirectional,mlp,transformer,bidirectional,convM,mlp,transformer,transformer,transformer,mlp,convM,convM,transformer,convM,bidirectional,transformer,unidirectional,transformer,unidirectional,unidirectional,transformer,unidirectional,transformer,mlp,bidirectional,transformer,convM,mlp,unidirectional,convM,transformer,bidirectional,convM,transformer,transformer,transformer,convM,mlp,mlp,unidirectional,unidirectional,bidirectional,unidirectional,bidirectional,bidirectional,bidirectional,bidirectional,unidirectional
model.corr_regularization,True,True,False,True,True,True,True,False,True,False,False,False,True,True,True,False,True,False,True,False,True,True,True,True,True,True,False,True,True,False,True,False,True,True,False,False,True,False,True,False,True,False,False,False,True,False,False,False,True,True,False,False,False,True,False,False,True,False,True,True,True,False,True,False,True,False,False,True,False,True,True,False,True,True,True,False,True,True,False,False,False,True,True,True,False,False,True,True,True,False,True,False,True,False,False,False,True,True,True,False,True,False,True,True,True,True,False,False,False,True,True,True,True,True,True,True,True,False,True,True,False,False,True,False,True,True,False,True,False,False,False,False,False,True,False,True,False,True,True,True,True,False,True,False,True,False,True,False,False,False,False,True,True,True,False,False,True,True,True,False,True,False,False,False,True,False,True,False,False,True,True,False,True,True,False,True,False,False,True,True,True,True,False,False,False,False,False,False,False,True,True,False,True,True,False,False,True,False,True,False,True,True,True,False,True,False,False,False,False,True,True,True,True,False,False,True,True,False,False,True,True,False,True,False,False,False,True,True,True,True,True,True,False,True,True,False,False,False,True,True,False,False,False,True,False,True,True,True,False,True,True,False,False,False,True,True,True,False,True,True,True,False,True,False,True,True,False,False,True,False,False,False,True,False,True,True,False,False,True,False,False,True,False,False,True,True,True,False,True,True,False,False,True,True,True,False,False,False,True,False,False,True,False,True,False,False,True,True,False,False,True,True,True,False,False,False,True,True,False,True,False,True,False,True,False,True,False,True,False,False,False,True,False,False,True,False,False,False,False,True,False,True,True,False,True,True,False,True,False,False,False,True,False,True,False,False,False,False,True,False,False,True,False,False,True,False,False,True,False,True,False,True,True,False,True,True,True,False,False,True,True,True,True,True,True,True,False,True,True,False,True,False,False,True,False,False,False,True,False,False,False,False,True,False,True,False,True,True,False,True,False,True,False,False,False,False,False,True,True,False,True,False,False,True,True,False,False,True,True,False,True,True,True,False,False,False,False,True,False,False,False,True,False,True,False,False,True,True,True,False,False,False,False,True,False,False,True,False,False,True,True,True,False,True,False,True,False,True,False,False,False,True,True,False,False,False,True,False,False,True
corr_input,True,False,True,True,False,False,True,False,False,True,True,True,True,False,False,False,True,False,True,True,False,True,False,False,True,True,False,False,False,False,True,False,False,False,True,True,True,False,True,True,False,True,False,False,False,True,True,False,True,True,True,False,True,False,False,False,False,False,False,False,True,False,False,True,False,True,True,False,True,True,True,False,False,True,False,False,True,True,True,True,False,True,False,False,False,True,False,False,False,True,False,True,False,False,True,False,True,False,True,True,True,False,False,True,True,False,False,True,False,True,True,True,True,False,False,True,False,True,False,False,True,True,True,True,False,True,True,True,False,True,True,True,False,False,True,True,False,True,False,True,False,True,True,True,True,False,False,True,True,False,True,True,True,True,False,False,False,True,False,False,True,False,False,True,False,True,False,True,False,True,True,True,False,False,False,True,False,True,False,True,False,True,True,True,False,True,False,True,False,False,False,False,False,False,True,False,False,False,True,False,True,True,True,False,True,True,True,True,True,True,True,True,True,True,True,True,False,False,False,False,False,True,False,True,True,False,False,True,True,False,True,True,False,False,True,False,True,True,False,False,True,True,False,False,False,True,False,True,False,True,False,False,False,False,True,True,False,False,True,True,False,True,False,False,False,True,False,False,True,False,False,False,False,True,True,True,False,True,False,False,False,True,True,False,True,True,True,True,True,False,True,False,False,False,True,False,False,True,False,False,True,False,True,False,False,False,True,True,True,False,False,False,False,False,False,True,True,True,True,True,True,True,False,False,True,True,False,True,False,True,True,False,True,False,False,True,True,False,True,False,False,False,True,False,False,False,False,False,False,True,False,False,True,False,False,False,True,True,False,True,True,False,False,False,False,False,False,False,False,True,False,True,False,True,False,False,False,True,True,True,False,True,True,True,True,True,False,True,True,False,False,False,True,False,False,True,True,True,True,True,True,True,True,False,False,True,False,False,True,True,True,True,False,True,False,True,False,False,False,False,True,True,False,False,True,False,True,False,False,False,True,False,True,True,False,False,False,False,False,True,False,True,True,False,False,True,True,True,True,True,False,True,False,False,True,True,True,True,False,True,False,True,True,True,False,True,True,False,False,False,True,True,True,False,True,True,True,False,True,False
regression_head,False,False,True,True,True,False,True,False,True,False,False,True,True,True,False,False,False,False,False,True,True,False,True,True,False,True,False,False,True,True,True,True,False,False,True,False,True,True,True,True,False,False,False,False,True,False,False,False,False,True,False,False,True,True,True,True,True,False,True,False,True,False,False,False,True,True,False,False,False,True,True,True,False,False,False,True,True,False,False,False,True,True,True,False,False,True,False,False,False,False,True,True,True,True,False,False,True,False,True,False,True,False,True,True,False,False,True,True,True,True,False,True,True,True,False,False,False,True,False,False,False,False,False,False,False,True,False,False,False,True,True,True,True,False,False,True,True,False,False,False,False,True,True,False,False,True,True,True,False,False,True,False,True,True,False,False,True,True,True,False,True,True,False,True,True,False,True,True,True,False,True,False,False,True,False,True,True,True,True,True,False,True,True,False,True,True,False,True,True,True,False,False,False,True,True,True,False,False,False,False,True,False,True,True,True,False,False,False,True,False,False,False,True,True,False,False,True,True,False,False,True,True,False,False,True,False,True,False,False,False,True,False,True,False,False,True,False,True,False,True,True,False,True,True,True,False,True,False,False,True,False,True,False,False,False,False,True,True,False,True,False,False,True,False,True,False,False,True,False,True,True,True,True,True,False,False,False,False,True,False,True,False,False,True,False,False,False,False,True,False,True,True,False,False,False,True,False,False,False,False,True,True,True,False,True,True,False,False,True,True,True,True,True,False,False,True,False,False,True,True,False,False,False,True,False,True,True,False,False,True,False,True,True,True,True,True,True,True,True,False,False,False,True,False,True,True,False,True,False,True,True,False,True,True,True,True,False,False,False,True,False,True,True,False,True,False,True,False,False,True,False,False,True,False,False,True,False,True,True,True,True,True,True,True,True,True,True,True,True,False,True,False,False,False,False,True,False,True,False,True,True,False,False,False,False,False,False,True,False,False,False,True,True,True,False,False,False,False,False,False,False,False,True,False,False,True,False,False,True,True,True,True,False,True,True,True,True,True,True,False,False,True,True,False,True,True,False,True,True,True,False,False,True,False,False,True,False,True,False,False,True,False,True,False,True,True,False,True,True,False,False,False,True,False,True,False,True,False,True,False
hparams_search,joint_slurm.yaml,joint_slurm.yaml,joint_slurm.yaml,joint_slurm.yaml,joint_slurm.yaml,joint_slurm.yaml,joint_slurm.yaml,joint_slurm.yaml,joint_slurm.yaml,joint_slurm.yaml,joint_slurm.yaml,joint_slurm.yaml,joint_slurm.yaml,joint_slurm.yaml,joint_slurm.yaml,joint_slurm.yaml,joint_slurm.yaml,joint_slurm.yaml,joint_slurm.yaml,joint_slurm.yaml,joint_slurm.yaml,joint_slurm.yaml,joint_slurm.yaml,joint_slurm.yaml,joint_slurm.yaml,joint_slurm.yaml,joint_slurm.yaml,joint_slurm.yaml,joint_slurm.yaml,joint_slurm.yaml,joint_slurm.yaml,joint_slurm.yaml,joint_slurm.yaml,joint_slurm.yaml,joint_slurm.yaml,joint_slurm.yaml,joint_slurm.yaml,joint_slurm.yaml,joint_slurm.yaml,joint_slurm.yaml,joint_slurm.yaml,joint_slurm.yaml,joint_slurm.yaml,joint_slurm.yaml,joint_slurm.yaml,joint_slurm.yaml,joint_slurm.yaml,joint_slurm.yaml,joint_slurm.yaml,joint_slurm.yaml,joint_slurm.yaml,joint_slurm.yaml,joint_slurm.yaml,joint_slurm.yaml,joint_slurm.yaml,joint_slurm.yaml,joint_slurm.yaml,joint_slurm.yaml,joint_slurm.yaml,joint_slurm.yaml,joint_slurm.yaml,joint_slurm.yaml,joint_slurm.yaml,joint_slurm.yaml,joint_slurm.yaml,joint_slurm.yaml,joint_slurm.yaml,joint_slurm.yaml,joint_slurm.yaml,joint_slurm.yaml,joint_slurm.yaml,joint_slurm.yaml,joint_slurm.yaml,joint_slurm.yaml,joint_slurm.yaml,joint_slurm.yaml,joint_slurm.yaml,joint_slurm.yaml,joint_slurm.yaml,joint_slurm.yaml,joint_slurm.yaml,joint_slurm.yaml,joint_slurm.yaml,joint_slurm.yaml,joint_slurm.yaml,joint_slurm.yaml,joint_slurm.yaml,joint_slurm.yaml,joint_slurm.yaml,joint_slurm.yaml,joint_slurm.yaml,joint_slurm.yaml,joint_slurm.yaml,joint_slurm.yaml,joint_slurm.yaml,joint_slurm.yaml,joint_slurm.yaml,joint_slurm.yaml,joint_slurm.yaml,joint_slurm.yaml,joint_slurm.yaml,joint_slurm.yaml,joint_slurm.yaml,joint_slurm.yaml,joint_slurm.yaml,joint_slurm.yaml,joint_slurm.yaml,joint_slurm.yaml,joint_slurm.yaml,joint_slurm.yaml,joint_slurm.yaml,joint_slurm.yaml,joint_slurm.yaml,joint_slurm.yaml,joint_slurm.yaml,joint_slurm.yaml,joint_slurm.yaml,joint_slurm.yaml,joint_slurm.yaml,joint_slurm.yaml,joint_slurm.yaml,joint_slurm.yaml,joint_slurm.yaml,joint_slurm.yaml,joint_slurm.yaml,joint_slurm.yaml,joint_slurm.yaml,joint_slurm.yaml,joint_slurm.yaml,joint_slurm.yaml,joint_slurm.yaml,joint_slurm.yaml,joint_slurm.yaml,joint_slurm.yaml,joint_slurm.yaml,joint_slurm.yaml,joint_slurm.yaml,joint_slurm.yaml,joint_slurm.yaml,joint_slurm.yaml,joint_slurm.yaml,joint_slurm.yaml,joint_slurm.yaml,joint_slurm.yaml,joint_slurm.yaml,joint_slurm.yaml,joint_slurm.yaml,joint_slurm.yaml,joint_slurm.yaml,joint_slurm.yaml,joint_slurm.yaml,joint_slurm.yaml,joint_slurm.yaml,joint_slurm.yaml,joint_slurm.yaml,joint_slurm.yaml,joint_slurm.yaml,joint_slurm.yaml,joint_slurm.yaml,joint_slurm.yaml,joint_slurm.yaml,joint_slurm.yaml,joint_slurm.yaml,joint_slurm.yaml,joint_slurm.yaml,joint_slurm.yaml,joint_slurm.yaml,joint_slurm.yaml,joint_slurm.yaml,joint_slurm.yaml,joint_slurm.yaml,joint_slurm.yaml,joint_slurm.yaml,joint_slurm.yaml,joint_slurm.yaml,joint_slurm.yaml,joint_slurm.yaml,joint_slurm.yaml,joint_slurm.yaml,joint_slurm.yaml,joint_slurm.yaml,joint_slurm.yaml,joint_slurm.yaml,joint_slurm.yaml,joint_slurm.yaml,joint_slurm.yaml,joint_slurm.yaml,joint_slurm.yaml,joint_slurm.yaml,joint_slurm.yaml,joint_slurm.yaml,joint_slurm.yaml,joint_slurm.yaml,joint_slurm.yaml,joint_slurm.yaml,joint_slurm.yaml,joint_slurm.yaml,joint_slurm.yaml,joint_slurm.yaml,joint_slurm.yaml,joint_slurm.yaml,joint_slurm.yaml,joint_slurm.yaml,joint_slurm.yaml,joint_slurm.yaml,joint_slurm.yaml,joint_slurm.yaml,joint_slurm.yaml,joint_slurm.yaml,joint_slurm.yaml,joint_slurm.yaml,joint_slurm.yaml,joint_slurm.yaml,joint_slurm.yaml,joint_slurm.yaml,joint_slurm.yaml,joint_slurm.yaml,joint_slurm.yaml,joint_slurm.yaml,joint_slurm.yaml,joint_slurm.yaml,joint_slurm.yaml,joint_slurm.yaml,joint_slurm.yaml,joint_slurm.yaml,joint_slurm.yaml,joint_slurm.yaml,joint_slurm.yaml,joint_slurm.yaml,joint_slurm.yaml,joint_slurm.yaml,joint_slurm.yaml,joint_slurm.yaml,joint_slurm.yaml,joint_slurm.yaml,joint_slurm.yaml,joint_slurm.yaml,joint_slurm.yaml,joint_slurm.yaml,joint_slurm.yaml,joint_slurm.yaml,joint_slurm.yaml,joint_slurm.yaml,joint_slurm.yaml,joint_slurm.yaml,joint_slurm.yaml,joint_slurm.yaml,joint_slurm.yaml,joint_slurm.yaml,joint_slurm.yaml,joint_slurm.yaml,joint_slurm.yaml,joint_slurm.yaml,joint_slurm.yaml,joint_slurm.yaml,joint_slurm.yaml,joint_slurm.yaml,joint_slurm.yaml,joint_slurm.yaml,joint_slurm.yaml,joint_slurm.yaml,joint_slurm.yaml,joint_slurm.yaml,joint_slurm.yaml,joint_slurm.yaml,joint_slurm.yaml,joint_slurm.yaml,joint_slurm.yaml,joint_slurm.yaml,joint_slurm.yaml,joint_slurm.yaml,joint_slurm.yaml,joint_slurm.yaml,joint_slurm.yaml,joint_slurm.yaml,joint_slurm.yaml,joint_slurm.yaml,joint_slurm.yaml,joint_slurm.yaml,joint_slurm.yaml,joint_slurm.yaml,joint_slurm.yaml,joint_slurm.yaml,joint_slurm.yaml,joint_slurm.yaml,joint_slurm.yaml,joint_slurm.yaml,joint_slurm.yaml,joint_slurm.yaml,joint_slurm.yaml,joint_slurm.yaml,joint_slurm.yaml,joint_slurm.yaml,joint_slurm.yaml,joint_slurm.yaml,joint_slurm.yaml,joint_slurm.yaml,joint_slurm.yaml,joint_slurm.yaml,joint_slurm.yaml,joint_slurm.yaml,joint_slurm.yaml,joint_slurm.yaml,joint_slurm.yaml,joint_slurm.yaml,joint_slurm.yaml,joint_slurm.yaml,joint_slurm.yaml,joint_slurm.yaml,joint_slurm.yaml,joint_slurm.yaml,joint_slurm.yaml,joint_slurm.yaml,joint_slurm.yaml,joint_slurm.yaml,joint_slurm.yaml,joint_slurm.yaml,joint_slurm.yaml,joint_slurm.yaml,joint_slurm.yaml,joint_slurm.yaml,joint_slurm.yaml,joint_slurm.yaml,joint_slurm.yaml,joint_slurm.yaml,joint_slurm.yaml,joint_slurm.yaml,joint_slurm.yaml,joint_slurm.yaml,joint_slurm.yaml,joint_slurm.yaml,joint_slurm.yaml,joint_slurm.yaml,joint_slurm.yaml,joint_slurm.yaml,joint_slurm.yaml,joint_slurm.yaml,joint_slurm.yaml,joint_slurm.yaml,joint_slurm.yaml,joint_slurm.yaml,joint_slurm.yaml,joint_slurm.yaml,joint_slurm.yaml,joint_slurm.yaml,joint_slurm.yaml,joint_slurm.yaml,joint_slurm.yaml,joint_slurm.yaml,joint_slurm.yaml,joint_slurm.yaml,joint_slurm.yaml,joint_slurm.yaml,joint_slurm.yaml,joint_slurm.yaml,joint_slurm.yaml,joint_slurm.yaml,joint_slurm.yaml,joint_slurm.yaml,joint_slurm.yaml,joint_slurm.yaml,joint_slurm.yaml,joint_slurm.yaml,joint_slurm.yaml,joint_slurm.yaml,joint_slurm.yaml,joint_slurm.yaml,joint_slurm.yaml,joint_slurm.yaml,joint_slurm.yaml,joint_slurm.yaml,joint_slurm.yaml,joint_slurm.yaml,joint_slurm.yaml,joint_slurm.yaml,joint_slurm.yaml,joint_slurm.yaml,joint_slurm.yaml,joint_slurm.yaml,joint_slurm.yaml,joint_slurm.yaml,joint_slurm.yaml,joint_slurm.yaml,joint_slurm.yaml,joint_slurm.yaml,joint_slurm.yaml,joint_slurm.yaml,joint_slurm.yaml,joint_slurm.yaml,joint_slurm.yaml,joint_slurm.yaml,joint_slurm.yaml,joint_slurm.yaml,joint_slurm.yaml,joint_slurm.yaml,joint_slurm.yaml,joint_slurm.yaml,joint_slurm.yaml,joint_slurm.yaml,joint_slurm.yaml,joint_slurm.yaml,joint_slurm.yaml,joint_slurm.yaml,joint_slurm.yaml,joint_slurm.yaml,joint_slurm.yaml,joint_slurm.yaml,joint_slurm.yaml,joint_slurm.yaml,joint_slurm.yaml,joint_slurm.yaml,joint_slurm.yaml,joint_slurm.yaml,joint_slurm.yaml,joint_slurm.yaml,joint_slurm.yaml,joint_slurm.yaml,joint_slurm.yaml,joint_slurm.yaml,joint_slurm.yaml,joint_slurm.yaml,joint_slurm.yaml,joint_slurm.yaml,joint_slurm.yaml,joint_slurm.yaml,joint_slurm.yaml,joint_slurm.yaml,joint_slurm.yaml,joint_slurm.yaml,joint_slurm.yaml,joint_slurm.yaml,joint_slurm.yaml,joint_slurm.yaml,joint_slurm.yaml,joint_slurm.yaml,joint_slurm.yaml,joint_slurm.yaml,joint_slurm.yaml,joint_slurm.yaml,joint_slurm.yaml,joint_slurm.yaml,joint_slurm.yaml,joint_slurm.yaml,joint_slurm.yaml,joint_slurm.yaml,joint_slurm.yaml,joint_slurm.yaml,joint_slurm.yaml,joint_slurm.yaml,joint_slurm.yaml,joint_slurm.yaml,joint_slurm.yaml,joint_slurm.yaml,joint_slurm.yaml,joint_slurm.yaml,joint_slurm.yaml,joint_slurm.yaml,joint_slurm.yaml,joint_slurm.yaml,joint_slurm.yaml,joint_slurm.yaml,joint_slurm.yaml,joint_slurm.yaml,joint_slurm.yaml,joint_slurm.yaml,joint_slurm.yaml,joint_slurm.yaml,joint_slurm.yaml,joint_slurm.yaml,joint_slurm.yaml,joint_slurm.yaml,joint_slurm.yaml,joint_slurm.yaml,joint_slurm.yaml,joint_slurm.yaml,joint_slurm.yaml,joint_slurm.yaml,joint_slurm.yaml,joint_slurm.yaml,joint_slurm.yaml
data.ds_name,big_poly,big_poly,big_poly,big_poly,big_poly,big_poly,big_poly,big_poly,big_poly,big_poly,big_poly,big_poly,big_poly,big_poly,big_poly,big_poly,big_poly,big_poly,big_poly,big_poly,big_poly,big_poly,big_poly,big_poly,big_poly,big_poly,big_poly,big_poly,big_poly,big_poly,big_poly,big_poly,big_poly,big_poly,big_poly,big_poly,big_poly,big_poly,big_poly,big_poly,big_poly,big_poly,big_poly,big_poly,big_poly,big_poly,big_poly,big_poly,big_poly,big_poly,big_poly,big_poly,big_poly,big_poly,big_poly,big_poly,big_poly,big_poly,big_poly,big_poly,big_poly,big_poly,big_poly,big_poly,big_poly,big_poly,big_poly,big_poly,big_poly,big_poly,big_poly,big_poly,big_poly,big_poly,big_poly,big_poly,big_poly,big_poly,big_poly,big_poly,big_poly,big_poly,big_poly,big_poly,big_poly,big_poly,big_poly,big_poly,big_poly,big_poly,big_poly,big_poly,big_poly,big_poly,big_poly,big_poly,big_poly,big_poly,big_poly,big_poly,big_poly,big_poly,big_poly,big_poly,big_poly,big_poly,big_poly,big_poly,big_poly,big_poly,big_poly,big_poly,big_poly,big_poly,big_poly,big_poly,big_poly,big_poly,big_poly,big_poly,big_poly,big_poly,big_poly,big_poly,big_poly,big_poly,big_poly,big_poly,big_poly,big_poly,big_poly,big_poly,big_poly,big_poly,big_poly,big_poly,big_poly,big_poly,big_poly,big_poly,big_poly,big_poly,big_poly,big_poly,big_poly,big_poly,big_poly,big_poly,big_poly,big_poly,big_poly,big_poly,big_poly,big_poly,big_poly,big_poly,big_poly,big_poly,big_poly,big_poly,big_poly,big_poly,big_poly,big_poly,big_poly,big_poly,big_poly,big_poly,big_poly,big_poly,big_poly,big_poly,big_poly,big_poly,big_poly,big_poly,big_poly,big_poly,big_poly,big_poly,big_poly,big_poly,big_poly,big_poly,big_poly,big_poly,big_poly,big_poly,big_poly,big_poly,big_poly,big_poly,big_poly,big_poly,big_poly,big_poly,big_poly,big_poly,big_poly,big_poly,big_poly,big_poly,big_poly,big_poly,big_poly,big_poly,big_poly,big_poly,big_poly,big_poly,big_poly,big_poly,big_poly,big_poly,big_poly,big_poly,big_poly,big_poly,big_poly,big_poly,big_poly,big_poly,big_poly,big_poly,big_poly,big_poly,big_poly,big_poly,big_poly,big_poly,big_poly,big_poly,big_poly,big_poly,big_poly,big_poly,big_poly,big_poly,big_poly,big_poly,big_poly,big_poly,big_poly,big_poly,big_poly,big_poly,big_poly,big_poly,big_poly,big_poly,big_poly,big_poly,big_poly,big_poly,big_poly,big_poly,big_poly,big_poly,big_poly,big_poly,big_poly,big_poly,big_poly,big_poly,big_poly,big_poly,big_poly,big_poly,big_poly,big_poly,big_poly,big_poly,big_poly,big_poly,big_poly,big_poly,big_poly,big_poly,big_poly,big_poly,big_poly,big_poly,big_poly,big_poly,big_poly,big_poly,big_poly,big_poly,big_poly,big_poly,big_poly,big_poly,big_poly,big_poly,big_poly,big_poly,big_poly,big_poly,big_poly,big_poly,big_poly,big_poly,big_poly,big_poly,big_poly,big_poly,big_poly,big_poly,big_poly,big_poly,big_poly,big_poly,big_poly,big_poly,big_poly,big_poly,big_poly,big_poly,big_poly,big_poly,big_poly,big_poly,big_poly,big_poly,big_poly,big_poly,big_poly,big_poly,big_poly,big_poly,big_poly,big_poly,big_poly,big_poly,big_poly,big_poly,big_poly,big_poly,big_poly,big_poly,big_poly,big_poly,big_poly,big_poly,big_poly,big_poly,big_poly,big_poly,big_poly,big_poly,big_poly,big_poly,big_poly,big_poly,big_poly,big_poly,big_poly,big_poly,big_poly,big_poly,big_poly,big_poly,big_poly,big_poly,big_poly,big_poly,big_poly,big_poly,big_poly,big_poly,big_poly,big_poly,big_poly,big_poly,big_poly,big_poly,big_poly,big_poly,big_poly,big_poly,big_poly,big_poly,big_poly,big_poly,big_poly,big_poly,big_poly,big_poly,big_poly,big_poly,big_poly,big_poly,big_poly,big_poly,big_poly,big_poly,big_poly,big_poly,big_poly,big_poly,big_poly,big_poly,big_poly,big_poly,big_poly,big_poly,big_poly,big_poly,big_poly,big_poly,big_poly,big_poly,big_poly,big_poly,big_poly,big_poly,big_poly,big_poly,big_poly,big_poly,big_poly,big_poly,big_poly,big_poly,big_poly,big_poly,big_poly,big_poly,big_poly,big_poly,big_poly,big_poly,big_poly,big_poly,big_poly,big_poly,big_poly,big_poly,big_poly,big_poly,big_poly,big_poly,big_poly,big_poly,big_poly,big_poly,big_poly,big_poly,big_poly,big_poly,big_poly,big_poly,big_poly,big_poly,big_poly,big_poly,big_poly,big_poly,big_poly,big_poly,big_poly,big_poly,big_poly,big_poly,big_poly,big_poly,big_poly,big_poly,big_poly,big_poly,big_poly,big_poly,big_poly,big_poly,big_poly,big_poly,big_poly,big_poly,big_poly,big_poly
model,medium.yaml,medium.yaml,medium.yaml,medium.yaml,medium.yaml,medium.yaml,medium.yaml,medium.yaml,medium.yaml,medium.yaml,medium.yaml,medium.yaml,medium.yaml,medium.yaml,medium.yaml,medium.yaml,medium.yaml,medium.yaml,medium.yaml,medium.yaml,medium.yaml,medium.yaml,medium.yaml,medium.yaml,medium.yaml,medium.yaml,medium.yaml,medium.yaml,medium.yaml,medium.yaml,medium.yaml,medium.yaml,medium.yaml,medium.yaml,medium.yaml,medium.yaml,medium.yaml,medium.yaml,medium.yaml,medium.yaml,medium.yaml,medium.yaml,medium.yaml,medium.yaml,medium.yaml,medium.yaml,medium.yaml,medium.yaml,medium.yaml,medium.yaml,medium.yaml,medium.yaml,medium.yaml,medium.yaml,medium.yaml,medium.yaml,medium.yaml,medium.yaml,medium.yaml,medium.yaml,medium.yaml,medium.yaml,medium.yaml,medium.yaml,medium.yaml,medium.yaml,medium.yaml,medium.yaml,medium.yaml,medium.yaml,medium.yaml,medium.yaml,medium.yaml,medium.yaml,medium.yaml,medium.yaml,medium.yaml,medium.yaml,medium.yaml,medium.yaml,medium.yaml,medium.yaml,medium.yaml,medium.yaml,medium.yaml,medium.yaml,medium.yaml,medium.yaml,medium.yaml,medium.yaml,medium.yaml,medium.yaml,medium.yaml,medium.yaml,medium.yaml,medium.yaml,medium.yaml,medium.yaml,medium.yaml,medium.yaml,medium.yaml,medium.yaml,medium.yaml,medium.yaml,medium.yaml,medium.yaml,medium.yaml,medium.yaml,medium.yaml,medium.yaml,medium.yaml,medium.yaml,medium.yaml,medium.yaml,medium.yaml,medium.yaml,medium.yaml,medium.yaml,medium.yaml,medium.yaml,medium.yaml,medium.yaml,medium.yaml,medium.yaml,medium.yaml,medium.yaml,medium.yaml,medium.yaml,medium.yaml,medium.yaml,medium.yaml,medium.yaml,medium.yaml,medium.yaml,medium.yaml,medium.yaml,medium.yaml,medium.yaml,medium.yaml,medium.yaml,medium.yaml,medium.yaml,medium.yaml,medium.yaml,medium.yaml,medium.yaml,medium.yaml,medium.yaml,medium.yaml,medium.yaml,medium.yaml,medium.yaml,medium.yaml,medium.yaml,medium.yaml,medium.yaml,medium.yaml,medium.yaml,medium.yaml,medium.yaml,medium.yaml,medium.yaml,medium.yaml,medium.yaml,medium.yaml,medium.yaml,medium.yaml,medium.yaml,medium.yaml,medium.yaml,medium.yaml,medium.yaml,medium.yaml,medium.yaml,medium.yaml,medium.yaml,medium.yaml,medium.yaml,medium.yaml,medium.yaml,medium.yaml,medium.yaml,medium.yaml,medium.yaml,medium.yaml,medium.yaml,medium.yaml,medium.yaml,medium.yaml,medium.yaml,medium.yaml,medium.yaml,medium.yaml,medium.yaml,medium.yaml,medium.yaml,medium.yaml,medium.yaml,medium.yaml,medium.yaml,medium.yaml,medium.yaml,medium.yaml,medium.yaml,medium.yaml,medium.yaml,medium.yaml,medium.yaml,medium.yaml,medium.yaml,medium.yaml,medium.yaml,medium.yaml,medium.yaml,medium.yaml,medium.yaml,medium.yaml,medium.yaml,medium.yaml,medium.yaml,medium.yaml,medium.yaml,medium.yaml,medium.yaml,medium.yaml,medium.yaml,medium.yaml,medium.yaml,medium.yaml,medium.yaml,medium.yaml,medium.yaml,medium.yaml,medium.yaml,medium.yaml,medium.yaml,medium.yaml,medium.yaml,medium.yaml,medium.yaml,medium.yaml,medium.yaml,medium.yaml,medium.yaml,medium.yaml,medium.yaml,medium.yaml,medium.yaml,medium.yaml,medium.yaml,medium.yaml,medium.yaml,medium.yaml,medium.yaml,medium.yaml,medium.yaml,medium.yaml,medium.yaml,medium.yaml,medium.yaml,medium.yaml,medium.yaml,medium.yaml,medium.yaml,medium.yaml,medium.yaml,medium.yaml,medium.yaml,medium.yaml,medium.yaml,medium.yaml,medium.yaml,medium.yaml,medium.yaml,medium.yaml,medium.yaml,medium.yaml,medium.yaml,medium.yaml,medium.yaml,medium.yaml,medium.yaml,medium.yaml,medium.yaml,medium.yaml,medium.yaml,medium.yaml,medium.yaml,medium.yaml,medium.yaml,medium.yaml,medium.yaml,medium.yaml,medium.yaml,medium.yaml,medium.yaml,medium.yaml,medium.yaml,medium.yaml,medium.yaml,medium.yaml,medium.yaml,medium.yaml,medium.yaml,medium.yaml,medium.yaml,medium.yaml,medium.yaml,medium.yaml,medium.yaml,medium.yaml,medium.yaml,medium.yaml,medium.yaml,medium.yaml,medium.yaml,medium.yaml,medium.yaml,medium.yaml,medium.yaml,medium.yaml,medium.yaml,medium.yaml,medium.yaml,medium.yaml,medium.yaml,medium.yaml,medium.yaml,medium.yaml,medium.yaml,medium.yaml,medium.yaml,medium.yaml,medium.yaml,medium.yaml,medium.yaml,medium.yaml,medium.yaml,medium.yaml,medium.yaml,medium.yaml,medium.yaml,medium.yaml,medium.yaml,medium.yaml,medium.yaml,medium.yaml,medium.yaml,medium.yaml,medium.yaml,medium.yaml,medium.yaml,medium.yaml,medium.yaml,medium.yaml,medium.yaml,medium.yaml,medium.yaml,medium.yaml,medium.yaml,medium.yaml,medium.yaml,medium.yaml,medium.yaml,medium.yaml,medium.yaml,medium.yaml,medium.yaml,medium.yaml,medium.yaml,medium.yaml,medium.yaml,medium.yaml,medium.yaml,medium.yaml,medium.yaml,medium.yaml,medium.yaml,medium.yaml,medium.yaml,medium.yaml,medium.yaml,medium.yaml,medium.yaml,medium.yaml,medium.yaml,medium.yaml,medium.yaml,medium.yaml,medium.yaml,medium.yaml,medium.yaml,medium.yaml,medium.yaml,medium.yaml,medium.yaml,medium.yaml,medium.yaml,medium.yaml,medium.yaml,medium.yaml,medium.yaml,medium.yaml,medium.yaml,medium.yaml,medium.yaml,medium.yaml,medium.yaml,medium.yaml,medium.yaml,medium.yaml,medium.yaml,medium.yaml,medium.yaml,medium.yaml,medium.yaml,medium.yaml,medium.yaml,medium.yaml,medium.yaml,medium.yaml,medium.yaml,medium.yaml,medium.yaml,medium.yaml,medium.yaml,medium.yaml,medium.yaml,medium.yaml,medium.yaml,medium.yaml,medium.yaml,medium.yaml,medium.yaml,medium.yaml,medium.yaml,medium.yaml,medium.yaml,medium.yaml,medium.yaml,medium.yaml,medium.yaml,medium.yaml,medium.yaml,medium.yaml,medium.yaml,medium.yaml,medium.yaml,medium.yaml,medium.yaml,medium.yaml,medium.yaml,medium.yaml,medium.yaml,medium.yaml,medium.yaml,medium.yaml,medium.yaml,medium.yaml,medium.yaml,medium.yaml,medium.yaml,medium.yaml,medium.yaml,medium.yaml,medium.yaml,medium.yaml,medium.yaml,medium.yaml,medium.yaml,medium.yaml,medium.yaml,medium.yaml,medium.yaml,medium.yaml,medium.yaml,medium.yaml,medium.yaml,medium.yaml,medium.yaml
n_vars,5,5,5,5,5,5,5,5,5,5,5,5,5,5,5,5,5,5,5,5,5,5,5,5,5,5,5,5,5,5,5,5,5,5,5,5,5,5,5,5,5,5,5,5,5,5,5,5,5,5,5,5,5,5,5,5,5,5,5,5,5,5,5,5,5,5,5,5,5,5,5,5,5,5,5,5,5,5,5,5,5,5,5,5,5,5,5,5,5,5,5,5,5,5,5,5,5,5,5,5,5,5,5,5,5,5,5,5,5,5,5,5,5,5,5,5,5,5,5,5,5,5,5,5,5,5,5,5,5,5,5,5,5,5,5,5,5,5,5,5,5,5,5,5,5,5,5,5,5,5,5,5,5,5,5,5,5,5,5,5,5,5,5,5,5,5,5,5,5,5,5,5,5,5,5,5,5,5,5,5,5,5,5,5,5,5,5,5,5,5,5,5,5,5,5,5,5,5,5,5,5,5,5,5,5,5,5,5,5,5,5,5,5,5,5,5,5,5,5,5,5,5,5,5,5,5,5,5,5,5,5,5,5,5,5,5,5,5,5,5,5,5,5,5,5,5,5,5,5,5,5,5,5,5,5,5,5,5,5,5,5,5,5,5,5,5,5,5,5,5,5,5,5,5,5,5,5,5,5,5,5,5,5,5,5,5,5,5,5,5,5,5,5,5,5,5,5,5,5,5,5,5,5,5,5,5,5,5,5,5,5,5,5,5,5,5,5,5,5,5,5,5,5,5,5,5,5,5,5,5,5,5,5,5,5,5,5,5,5,5,5,5,5,5,5,5,5,5,5,5,5,5,5,5,5,5,5,5,5,5,5,5,5,5,5,5,5,5,5,5,5,5,5,5,5,5,5,5,5,5,5,5,5,5,5,5,5,5,5,5,5,5,5,5,5,5,5,5,5,5,5,5,5,5,5,5,5,5,5,5,5,5,5,5,5,5,5,5,5,5,5,5,5,5,5,5,5,5,5,5,5,5,5,5,5,5,5,5,5,5,5,5,5,5,5,5,5,5,5,5,5,5,5,5,5,5,5,5,5,5,5,5,5,5,5,5,5,5,5,5,5,5,5,5,5,5,5,5,5,5
max_lags,3,3,3,3,3,3,3,3,3,3,3,3,3,3,3,3,3,3,3,3,3,3,3,3,3,3,3,3,3,3,3,3,3,3,3,3,3,3,3,3,3,3,3,3,3,3,3,3,3,3,3,3,3,3,3,3,3,3,3,3,3,3,3,3,3,3,3,3,3,3,3,3,3,3,3,3,3,3,3,3,3,3,3,3,3,3,3,3,3,3,3,3,3,3,3,3,3,3,3,3,3,3,3,3,3,3,3,3,3,3,3,3,3,3,3,3,3,3,3,3,3,3,3,3,3,3,3,3,3,3,3,3,3,3,3,3,3,3,3,3,3,3,3,3,3,3,3,3,3,3,3,3,3,3,3,3,3,3,3,3,3,3,3,3,3,3,3,3,3,3,3,3,3,3,3,3,3,3,3,3,3,3,3,3,3,3,3,3,3,3,3,3,3,3,3,3,3,3,3,3,3,3,3,3,3,3,3,3,3,3,3,3,3,3,3,3,3,3,3,3,3,3,3,3,3,3,3,3,3,3,3,3,3,3,3,3,3,3,3,3,3,3,3,3,3,3,3,3,3,3,3,3,3,3,3,3,3,3,3,3,3,3,3,3,3,3,3,3,3,3,3,3,3,3,3,3,3,3,3,3,3,3,3,3,3,3,3,3,3,3,3,3,3,3,3,3,3,3,3,3,3,3,3,3,3,3,3,3,3,3,3,3,3,3,3,3,3,3,3,3,3,3,3,3,3,3,3,3,3,3,3,3,3,3,3,3,3,3,3,3,3,3,3,3,3,3,3,3,3,3,3,3,3,3,3,3,3,3,3,3,3,3,3,3,3,3,3,3,3,3,3,3,3,3,3,3,3,3,3,3,3,3,3,3,3,3,3,3,3,3,3,3,3,3,3,3,3,3,3,3,3,3,3,3,3,3,3,3,3,3,3,3,3,3,3,3,3,3,3,3,3,3,3,3,3,3,3,3,3,3,3,3,3,3,3,3,3,3,3,3,3,3,3,3,3,3,3,3,3,3,3,3,3,3,3,3,3,3,3,3,3,3,3,3,3,3,3,3,3,3,3,3,3,3,3,3,3,3,3,3
Val_Auroc,0.5223005,0.51274484,0.49649203,0.512839,0.49248934,0.50478566,0.5056137,0.5156193,0.50605905,0.5034671,0.50654227,0.5079606,0.49994576,0.5021591,0.5148025,0.5196073,0.5120988,0.5181963,0.5059246,0.51670843,0.4980628,0.50758296,0.5075146,0.5015613,0.5049832,0.5217739,0.51386726,0.51310927,0.51548296,0.5146022,0.5050133,0.5029073,0.499992,0.51069653,0.51344997,0.5090871,0.506988,0.5020523,0.49351344,0.50309867,0.5136071,0.5176166,0.51766914,0.5172583,0.5144061,0.74770033,0.51300335,0.5202787,0.5134233,0.49140957,0.5901503,0.51277626,0.5065202,0.5123503,0.49898654,0.50416386,0.50674367,0.5120828,0.5073426,0.50629264,0.49864602,0.51115006,0.50530344,0.50544673,0.50643176,0.4980016,0.5077775,0.5073458,0.514143,0.5126446,0.51630473,0.5034072,0.50817215,0.50807315,0.5023655,0.51372313,0.5152716,0.5123241,0.503605,0.5747371,0.50299776,0.49771446,0.49291605,0.50509316,0.51092637,0.5080819,0.51586044,0.50402343,0.5110254,0.51773953,0.50885665,0.5235491,0.5030073,0.50427824,0.524861,0.49871227,0.49892092,0.50861484,0.50953424,0.74833065,0.49914774,0.51835173,0.5006135,0.49410796,0.5289985,0.5056045,0.5006043,0.50117815,0.49942338,0.5108549,0.5074494,0.49075925,0.5286335,0.5001918,0.5186369,0.50935376,0.5006563,0.5020914,0.50594205,0.502934,0.7934063,0.50421643,0.5124426,0.51873225,0.5166954,0.50350964,0.51749194,0.51975167,0.51285934,0.5005629,0.5155964,0.49576056,0.51460993,0.5069385,0.5142821,0.5074692,0.49229732,0.5110325,0.5160985,0.5021958,0.51327825,0.5078497,0.50356364,0.59172463,0.5129748,0.50074077,0.50598085,0.50032675,0.5154178,0.51384544,0.5089079,0.51800716,0.501419,0.51409715,0.5163392,0.5045869,0.50177646,0.5185987,0.501823,0.5012287,0.49648362,0.5170265,0.5089715,0.49716538,0.5036287,0.5088327,0.51319367,0.5073123,0.50246906,0.50743854,0.501185,0.51018286,0.5210008,0.5032444,0.51550937,0.5140374,0.51745296,0.5119892,0.5066303,0.4962914,0.5011678,0.50175655,0.50000805,0.5638587,0.5040425,0.51913106,0.5160011,0.50630504,0.5147065,0.504441,0.51645386,0.5002663,0.50263643,0.49935597,0.4995513,0.5084055,0.51024866,0.51385784,0.5091511,0.5173792,0.50678146,0.5124195,0.50362766,0.4998778,0.48345435,0.5096686,0.5110164,0.5076649,0.50879544,0.50812674,0.51704806,0.49630186,0.5127177,0.48337728,0.50942326,0.51673615,0.50449485,0.5064567,0.5001835,0.5062115,0.5165585,0.50274944,0.5136241,0.51240224,0.51087296,0.50618064,0.5020534,0.51673526,0.5175505,0.51559424,0.50615853,0.514117,0.5192308,0.50945544,0.564482,0.49648583,0.56139535,0.5004027,0.50693715,0.5170824,0.49530262,0.5059041,0.5070186,0.5036978,0.5079232,0.51386887,0.5069549,0.54068947,0.5198512,0.4983641,0.5116696,0.4979483,0.50646645,0.51419014,0.5057765,0.49722716,0.49986556,0.507552,0.5130876,0.5106903,0.5127114,0.50964487,0.50315535,0.5084424,0.49830878,0.5169565,0.50629234,0.50978804,0.51086426,0.5088549,0.5055656,0.50176394,0.51813984,0.51225847,0.5156333,0.5177204,0.51153797,0.5454807,0.5205674,0.50864816,0.5044607,0.52459896,0.50704694,0.507233,0.524176,0.5144144,0.5179834,0.5095497,0.49144363,0.50231797,0.502607,0.5107691,0.51776206,0.50730497,0.5162917,0.50381756,0.5184391,0.5048882,0.5011554,0.50053436,0.50069773,0.5097637,0.49823493,0.51151186,0.5116927,0.50390494,0.5072965,0.51056755,0.49881566,0.5152035,0.5036063,0.4925602,0.49675095,0.5051445,0.5022667,0.4982871,0.5116024,0.5114035,0.508224,0.50312614,0.514376,0.5565354,0.5070841,0.5012431,0.50359195,0.504617,0.5043137,0.5805018,0.5034534,0.512465,0.52158195,0.50334626,0.51685715,0.5061449,0.5057348,0.5124186,0.51346016,0.49223042,0.5144423,0.51250964,0.50798833,0.5210862,0.51652634,0.50537074,0.5064564,0.5188731,0.5048468,0.5091583,0.51846194,0.5088186,0.5109631,0.51208645,0.5205395,0.5096042,0.511101,0.49187884,0.52089185,0.51846766,0.5088692,0.49607277,0.5154691,0.5114274,0.5050887,0.5114429,0.5091013,0.51915103,0.5010133,0.50529957,0.50725144,0.4996767,0.50363064,0.5113882,0.50550807,0.51453733,0.51477027,0.5019432,0.5168961,0.49943912,0.5076284,0.50969565,0.5121648,0.5064226,0.5062924,0.4951614,0.508422,0.5135913,0.5009052,0.5033576,0.5007436,0.5167359,0.50672567,0.50892437,0.51776624,0.5127408,0.5009021,0.5087217,0.82564056,0.50855404,0.5210372,0.48896405,0.48990366,0.51078236,0.51579064,0.50898784,0.5134185,0.53069925,0.51391435,0.51121926,0.51464075,0.51997024,0.51563853,0.5096591,0.5085107,0.4940738,0.51079893,0.5244216,0.51721466,0.5086541,0.5109812,0.50840473,0.6641192,0.51192546,0.49649692,0.51389885,0.5567876,0.50567687,0.5246948,0.50725883,0.5131585,0.5011265,0.5061188,0.49717277,0.511184,0.49923775,0.5018729,0.50826246,0.49482748,0.5051852,0.5099681,0.532077,0.50388014,0.50998265,0.50860363,0.5170627,0.5037804,0.50734806,0.51273704,0.51385045,0.47458982,0.50165313,0.5147799,0.5163129,0.5019049,0.5173429,0.5273857,0.5075845,0.5072384,0.5224565,0.51843494,0.499874,0.50507754,0.51128536,0.50484973,0.51968807,0.5201752,0.49276268,0.5078379,0.49714255,0.5114537,0.5100101,0.5125723,0.54164904,0.48187953,0.5131632,0.47830778,0.5335076,0.5011694,0.5097925,0.5131131,0.51524234
Val_MSE,0.07887564,0.07909091,0.07827424,0.079509676,0.25970703,0.07900121,0.078964114,0.077923946,0.08291787,0.0796927,0.07810881,0.0840863,0.07915435,0.15125549,0.078642175,0.078316055,0.07866891,0.07790327,0.0787583,0.07839777,0.078996174,0.0790775,0.078962766,0.078928016,0.078426264,0.07892975,0.078200586,0.07891701,0.07894372,0.07786163,0.078922555,0.11132818,0.080824144,0.07888175,0.07801531,0.07813595,0.07897895,0.07828384,0.07922124,0.23697567,0.07820001,0.08143965,0.07815374,0.077810235,0.07912093,0.06547383,0.07825767,0.078054756,0.078495964,0.07934746,0.07616808,0.07801632,0.07799532,0.07904628,0.07826143,0.1156006,0.07887176,0.0784674,0.07889779,0.07834657,0.07936799,0.07813119,0.07898982,0.08560845,0.0791815,0.24135469,0.07871609,0.07909884,0.078122616,0.07974364,0.079004675,0.20754732,0.07912211,0.07901476,0.08146643,0.077937864,0.078940324,0.07842349,0.07836355,0.077238604,0.12489479,0.07913866,0.07925153,0.07886315,0.07816192,0.22411485,0.07887828,0.07872769,0.07890849,0.081417836,0.07886183,0.07827879,0.07896215,0.22532675,0.078475036,0.08596302,0.07906419,0.078505106,0.07887358,0.06494595,0.07906871,0.078410156,0.07893685,0.078389384,0.07877847,0.07897941,0.078358464,0.07880829,0.2204362,0.07780832,0.078346565,0.078901365,0.07903204,0.18023138,0.07887945,0.07902733,0.078722686,0.07820227,0.078676455,0.07807127,0.061978124,0.08608348,0.07861577,0.07792975,0.07907033,0.07926188,0.07816102,0.07889751,0.07876767,0.07982631,0.078499936,0.22322172,0.07791712,0.07856288,0.07807176,0.07894149,0.25990832,0.07907039,0.078815036,0.07939451,0.07874683,0.07819047,0.07901685,0.076454505,0.07920261,0.07813719,0.078865156,0.12750736,0.07816376,0.07827424,0.07838896,0.08109141,0.07892113,0.07911099,0.07800234,0.08145235,0.07879629,0.07896418,0.07895551,0.078376755,0.2626811,0.07889292,0.078788646,0.07892021,0.07884871,0.07795364,0.07868246,0.08048461,0.078141004,0.078339756,0.23368411,0.07877067,0.07880061,0.20624337,0.07804637,0.07889074,0.07808629,0.07928425,0.07925736,0.26268026,0.079561435,0.079217136,0.08045177,0.077732444,0.07852364,0.07810473,0.07797863,0.22535755,0.07850392,0.07885388,0.078660585,0.07826053,0.079318084,0.07918952,0.25777254,0.07814585,0.07895133,0.07845481,0.07889912,0.07798003,0.07885718,0.078394935,0.07887152,0.09486366,0.07962819,0.08937756,0.077981435,0.078207366,0.07809273,0.078980036,0.07888333,0.08080069,0.07884129,0.07890181,0.08051241,0.07826463,0.23983088,0.07813072,0.08323104,0.07882183,0.07903137,0.07818454,0.0784965,0.07784817,0.078601755,0.08012319,0.0790059,0.07822391,0.07868476,0.07808949,0.07865384,0.07839669,0.078003526,0.07834016,0.078159235,0.15791538,0.07766255,0.07967201,0.0789618,0.07933828,0.07826085,0.07812666,0.07800305,0.078943774,0.07886591,0.07845485,0.20185977,0.07850336,0.07790113,0.07915224,0.078883894,0.21183932,0.07833774,0.078091756,0.078448266,0.079018675,0.07905809,0.23661368,0.07831236,0.0790751,0.078859806,0.07822569,0.0798115,0.07818427,0.07917598,0.078825235,0.07825862,0.07810493,0.07851559,0.078127526,0.078292295,0.07825815,0.07889444,0.07957904,0.079291284,0.08118671,0.07806095,0.07799166,0.07891719,0.078759596,0.07823582,0.07882151,0.08945415,0.13197713,0.078924865,0.07890469,0.07883516,0.0788337,0.20911919,0.0814733,0.0784286,0.07875686,0.07807294,0.079094626,0.078577876,0.07849882,0.07807407,0.07866996,0.08079716,0.08950879,0.19519779,0.07939619,0.078767434,0.078405574,0.07796622,0.07826278,0.079090714,0.07891564,0.07851541,0.078500025,0.07898366,0.25959367,0.2152692,0.07977124,0.07834783,0.0784097,0.07910066,0.07888689,0.07801469,0.07876088,0.078361504,0.07838722,0.08103382,0.07910086,0.0803697,0.07893881,0.078067474,0.07759459,0.07802928,0.07790151,0.07799835,0.078804806,0.077908635,0.07894876,0.13788861,0.07804797,0.20448616,0.2600435,0.078450456,0.07854609,0.07827201,0.078736514,0.0792584,0.08926613,0.07885002,0.079101995,0.078402996,0.07952689,0.078139246,0.07796707,0.07852993,0.07823446,0.07857557,0.07893793,0.07805608,0.078562126,0.0803703,0.07800729,0.07824204,0.07851292,0.079425134,0.0789774,0.07903896,0.08158759,0.12090264,0.078235015,0.07840845,0.07919315,0.07900918,0.0793724,0.08036917,0.078998946,0.07954003,0.07853474,0.078860804,0.14151932,0.07905126,0.257773,0.07942695,0.1406313,0.07891699,0.079186596,0.07894065,0.079096355,0.14136934,0.07928444,0.07818858,0.0790225,0.23693146,0.07802458,0.2395563,0.07918781,0.078144975,0.07888678,0.085282035,0.07823972,0.051264457,0.07954612,0.08036635,0.07886204,0.22381365,0.080328256,0.07880887,0.07870771,0.07882815,0.07812566,0.07868721,0.07878648,0.07813901,0.078971855,0.07942259,0.07890841,0.079711966,0.07878764,0.07814147,0.07851558,0.0781462,0.07838225,0.078948975,0.07822941,0.07226282,0.07834887,0.23409328,0.078799725,0.0785003,0.07797144,0.0783852,0.07883657,0.07889751,0.19428411,0.07822096,0.21562323,0.07876996,0.23326115,0.0783764,0.07799189,0.23422864,0.07905546,0.07815073,0.07804927,0.078385055,0.07929042,0.07798944,0.078941315,0.07856952,0.15395428,0.07883508,0.0786144,0.07942562,0.07844565,0.07792801,0.078014806,0.07836086,0.07879264,0.07819076,0.22518893,0.07894769,0.07863806,0.07812943,0.0811205,0.078929685,0.07906934,0.07835014,0.07890909,0.07804769,0.079462156,0.07836992,0.079111256,0.08395038,0.08025501,0.07823397,0.07850035,0.07850259,0.07812449,0.078892745,0.078295976,0.07907754,0.07862469,0.16969328,0.07879753
